Div,Date,Time,HomeTeam,AwayTeam,FTHG,FTAG,FTR,HTHG,HTAG,HTR,Referee,HxG,AxG,HS,AS,HST,AST,HF,AF,HC,AC,HY,AY,HR,AR,B365H,B365D,B365A,BFDH,BFDD,BFDA,BVH,BVD,BVA,BWH,BWD,BWA,PPH,PPD,PPA,SKBH,SKBD,SKBA,MaxH,MaxD,MaxA,AvgH,AvgD,AvgA,BFEH,BFED,BFEA,B365>2.5,B365<2.5,Max>2.5,Max<2.5,Avg>2.5,Avg<2.5,BFE>2.5,BFE<2.5,AHh,B365AHH,B365AHA,MaxAHH,MaxAHA,AvgAHH,AvgAHA,BFEAHH,BFEAHA,B365CH,B365CD,B365CA,BFDCH,BFDCD,BFDCA,BVCH,BVCD,BVCA,BWCH,BWCD,BWCA,PPCH,PPCD,PPCA,SKBCH,SKBCD,SKBCA,MaxCH,MaxCD,MaxCA,AvgCH,AvgCD,AvgCA,BFECH,BFECD,BFECA,B365C>2.5,B365C<2.5,MaxC>2.5,MaxC<2.5,AvgC>2.5,AvgC<2.5,BFEC>2.5,BFEC<2.5,AHCh,B365CAHH,B365CAHA,MaxCAHH,MaxCAHA,AvgCAHH,AvgCAHA,BFECAHH,BFECAHA
B1,21/08/2026,19:45,Standard,RAAL La Louviere,2,0,H,0,0,D,,1.15,1.07,11,13,4,5,11,15,5,1,1,3,0,1,1.95,3.4,3.6,1.9,3.3,3.75,1.93,3.4,3.9,1.98,3.4,3.8,1.85,3.3,3.8,1.83,3.25,3.6,1.98,3.6,4,1.92,3.37,3.79,2.02,3.45,4.2,2.05,1.75,2.1,1.78,2.01,1.73,2.12,1.86,-0.5,1.95,1.85,1.95,1.85,1.89,1.82,2.02,1.94,1.85,3.5,3.9,1.83,3.4,4,1.8,3.5,4.33,1.9,3.4,4.1,1.75,3.2,4.2,1.8,3.1,3.9,1.91,3.5,4.33,1.84,3.38,4.09,1.97,3.6,4.5,2.03,1.78,2.1,1.8,2,1.75,2.1,1.87,-0.5,1.85,1.95,1.88,1.95,1.82,1.89,1.96,2.02
B1,22/08/2026,15:00,Waregem,Beveren,4,0,H,2,0,H,,2.62,0.78,17,10,7,3,7,13,1,6,0,3,0,0,1.95,3.5,3.3,2,3.5,3.3,2.05,3.4,3.25,2.1,3.4,3.4,1.95,3.5,3.25,1.95,3.4,3.1,2.1,3.55,3.4,2.03,3.46,3.29,2.1,3.15,3.35,1.83,1.98,1.83,2,1.78,1.95,1.78,2,-0.25,1.78,2.03,1.8,2.03,1.77,1.97,1.78,1.9,2.05,3.7,3,2,3.6,3.2,2.05,3.6,3.25,2.05,3.5,3.4,1.91,3.5,3.2,1.91,3.5,3.1,2.05,3.7,3.5,2.01,3.57,3.27,2.14,3.7,3.6,1.62,2.25,1.68,2.25,1.65,2.13,1.75,2.28,-0.5,2.08,1.73,2.08,1.8,1.99,1.74,2.14,1.84
B1,22/08/2026,17:15,Charleroi,Mechelen,2,0,H,1,0,H,,1.43,0.23,12,5,4,0,8,15,3,2,0,0,0,0,1.75,3.6,4.2,1.73,3.75,4,1.7,3.7,4.33,1.78,3.75,4.33,1.7,3.6,4,1.7,3.5,3.9,1.78,3.8,4.4,1.73,3.67,4.22,1.75,3.85,5,1.8,2,1.8,2.05,1.75,2,1.68,1.92,-0.75,2,1.8,2,1.8,1.95,1.78,1.93,1.91,1.67,3.7,4.5,1.62,4,4.6,1.65,3.9,4.8,1.68,4,4.75,1.57,3.75,4.75,1.6,3.6,4.5,1.7,4,4.8,1.65,3.87,4.67,1.72,4.1,5.6,1.73,2.08,1.73,2.1,1.7,2.05,1.8,2.18,-0.75,1.85,1.95,1.85,1.95,1.81,1.91,1.9,2.07
B1,22/08/2026,19:45,Antwerp,Genk,4,4,D,1,1,D,,1.86,1.3,15,11,6,7,15,15,5,4,0,2,0,0,3.1,3.4,2.1,3.1,3.4,2.1,3.13,3.4,2.1,3.3,3.5,2.15,3,3.3,2.1,3,3.25,2.1,3.4,3.5,2.2,3.15,3.38,2.13,3.5,3.25,2.14,1.83,1.98,1.85,1.98,1.81,1.92,1.86,1.98,0.25,1.98,1.83,1.98,1.85,1.91,1.82,2.04,1.85,3.3,3.7,1.95,3.2,3.6,2,3.5,3.6,1.95,3.6,3.6,1.98,3.4,3.3,1.91,3.4,3.25,1.91,3.6,3.75,2.05,3.41,3.55,1.97,3.8,3.7,2.1,1.7,2.1,1.73,2.1,1.68,2.09,1.78,2.2,0.5,1.85,1.95,1.85,1.95,1.78,1.92,1.89,2.1
B1,23/08/2026,15:00,Lommel SK,Westerlo,4,0,H,2,0,H,,1.34,0.66,13,17,6,4,5,10,5,4,0,1,0,0,2.5,3.3,2.5,2.5,3.4,2.5,2.55,3.4,2.5,2.6,3.5,2.6,2.5,3.4,2.4,2.5,3.3,2.38,2.6,3.5,2.6,2.53,3.4,2.51,2.72,3.7,2.64,1.7,2.1,1.73,2.1,1.71,2.05,1.73,2.18,0,1.9,1.9,1.9,1.9,1.86,1.85,,,2.7,3.5,2.2,3,3.6,2.1,2.8,3.7,2.25,3,3.6,2.2,2.8,3.4,2.15,2.8,3.4,2.15,3,3.7,2.25,2.9,3.58,2.19,3.05,3.9,2.36,1.53,2.4,1.58,2.4,1.53,2.37,1.62,2.58,0.25,1.8,2,1.85,2,1.8,1.93,1.93,2.05
B1,23/08/2026,17:30,Club Brugge,Cercle Brugge,1,0,H,1,0,H,,1.76,0.99,15,10,4,4,3,14,9,4,0,1,0,0,1.29,5.25,8,1.25,6,8.5,1.25,5.75,8.5,1.31,6.25,7.75,1.22,6,8.5,1.22,5.5,7.5,1.31,6.25,9.75,1.26,5.78,8.33,1.32,6.2,8.8,1.3,3.5,1.3,3.5,1.29,3.42,1.01,3.35,-1.75,1.95,1.85,1.95,1.9,1.89,1.84,,,1.22,5.75,11,1.22,6,9.5,1.22,6,11,1.27,6.5,9.25,1.17,6,10,1.2,5.75,9,1.27,6.5,11,1.23,6.13,9.64,1.27,6.8,12.5,1.4,2.88,1.4,3.3,1.36,2.98,1.4,3.4,-1.75,1.8,1.98,1.85,1.98,1.8,1.92,1.94,2.02
E0,21/08/2026,20:00,Arsenal,Coventry,3,0,H,2,0,H,T Bramall,1.88,0.2,20,4,6,1,10,13,8,2,1,1,0,0,1.2,7,13,1.2,6.5,15,1.18,7,15,1.2,6.5,12,1.17,7,15,1.17,7.5,14,1.23,7.5,16.5,1.19,6.77,14.19,1.23,7.4,18,1.57,2.38,1.6,2.45,1.55,2.38,1.64,2.54,-2,2.03,1.78,2.05,1.8,1.99,1.76,2.11,1.86,1.18,7.5,13,1.22,6.5,13,1.2,6.5,15,1.2,6.5,11.5,1.17,7,15,1.17,7.5,14,1.22,7.5,16,1.2,6.72,14,1.23,7.4,18,1.57,2.38,1.58,2.45,1.55,2.37,1.63,2.56,-2,2.05,1.75,2.05,1.83,2.02,1.74,2.14,1.86
E0,22/08/2026,12:30,Hull,Man United,2,0,H,2,0,H,D England,1.01,1.83,8,21,4,5,10,9,1,6,2,1,0,0,8.5,5,1.36,8.5,5,1.36,9,5.25,1.33,7.5,4.6,1.38,8.5,4.75,1.33,8,4.75,1.36,9,5.25,1.39,8.37,4.93,1.36,9.6,5.2,1.4,1.67,2.2,1.67,2.3,1.64,2.2,1.7,2.4,1.5,1.78,2.03,1.84,2.05,1.76,1.98,1.87,2.1,9,5,1.33,9,5.5,1.3,9,5.25,1.33,7.25,4.8,1.36,8.5,5,1.33,8.5,5,1.33,9,5.5,1.37,8.49,5.11,1.34,9.6,5.4,1.39,1.57,2.38,1.58,2.5,1.55,2.38,1.63,2.56,1.5,1.88,1.98,1.88,1.98,1.82,1.92,1.92,2.06
E0,22/08/2026,15:00,Everton,Crystal Palace,2,0,H,1,0,H,P Tierney,1.12,1.96,16,11,5,4,5,15,4,0,0,1,0,0,2.15,3.5,3.3,2.15,3.5,3.3,2.15,3.5,3.3,2.1,3.3,3.2,2.15,3.3,3.3,2.15,3.3,3.3,3.2,3.5,3.4,2.23,3.4,3.24,2.28,3.55,3.5,1.95,1.9,2.5,1.91,1.93,1.83,2.02,1.96,-0.25,1.88,1.98,1.88,1.98,1.83,1.91,1.95,2.02,2.38,3.4,3,2.38,3.4,3,2.3,3.5,3,2.25,3.25,3,2.25,3.3,3.1,2.25,3.4,3.1,2.38,3.5,3.2,2.32,3.36,3.05,2.42,3.45,3.25,1.98,1.88,1.98,1.88,1.93,1.83,2.06,1.92,-0.25,2.05,1.8,2.05,1.84,1.96,1.79,2.08,1.9
E0,22/08/2026,15:00,Ipswich,Sunderland,2,1,H,1,1,D,F Hallam,1.8,0.66,10,11,3,4,12,14,3,5,0,3,0,0,2.7,3.3,2.63,2.63,3.4,2.63,2.7,3.4,2.55,2.65,3.25,2.5,2.7,3.2,2.63,2.7,3.2,2.6,2.75,3.4,2.68,2.69,3.29,2.6,2.88,3.4,2.74,1.98,1.88,2,1.9,1.93,1.81,2.1,1.89,0,1.95,1.9,1.95,1.9,1.9,1.84,2.04,1.95,3,3.3,2.5,2.8,3.3,2.5,2.88,3.25,2.5,2.7,3.1,2.5,2.8,3.1,2.5,2.8,3.25,2.5,3,3.3,2.6,2.83,3.22,2.52,3,3.35,2.68,2.2,1.67,2.2,1.73,2.14,1.67,2.28,1.76,0,2.1,1.78,2.1,1.83,1.99,1.77,2.11,1.89
E0,22/08/2026,15:00,Nott'm Forest,Leeds,0,1,A,0,0,D,R Jones,0.66,0.47,12,11,2,3,15,14,3,2,2,1,0,0,2.3,3.4,3.1,2.3,3.4,3.1,2.3,3.4,3.1,2.25,3.3,2.95,2.25,3.3,3.1,2.25,3.25,3.1,2.35,3.5,3.4,2.27,3.35,3.1,2.4,3.5,3.3,1.98,1.88,2.25,1.91,1.91,1.83,2,1.95,-0.25,1.98,1.88,1.98,1.97,1.91,1.84,2.05,1.92,2.5,3.2,2.9,2.4,3.25,3,2.5,3.25,2.88,2.37,3.1,2.9,2.45,3.1,3,2.4,3.2,2.9,2.52,3.25,3,2.45,3.2,2.94,2.6,3.3,3.15,2.2,1.67,2.2,1.75,2.12,1.69,2.26,1.77,-0.25,2.1,1.7,2.1,1.75,2.07,1.7,2.19,1.83
E0,22/08/2026,17:30,Brentford,Tottenham,3,0,H,2,0,H,M Oliver,3.88,0.57,26,9,8,4,17,14,7,3,1,1,0,0,2.4,3.7,2.75,2.38,3.75,2.75,2.4,3.6,2.75,2.37,3.4,2.7,2.4,3.5,2.75,2.38,3.5,2.75,3.4,3.75,2.8,2.48,3.58,2.69,2.52,3.8,2.9,1.67,2.2,2.25,2.2,1.69,2.14,1.76,2.28,0,1.8,2.05,1.8,2.05,1.76,1.99,1.86,2.15,1.95,3.9,3.5,2,3.75,3.4,2,3.8,3.4,1.95,3.6,3.4,1.95,3.75,3.4,1.95,3.8,3.4,2.14,3.9,3.5,1.99,3.71,3.39,2.1,4,3.55,1.67,2.2,1.7,2.3,1.65,2.18,1.73,2.36,-0.5,1.98,1.88,2.05,1.88,1.95,1.79,2.09,1.9
E0,23/08/2026,14:00,Brighton,Aston Villa,4,0,H,4,0,H,P Bankes,3.77,0.28,21,6,6,0,12,11,5,2,2,3,0,1,2.15,3.6,3,2.25,3.6,3,2.15,3.5,3.1,2.15,3.5,3.1,2.2,3.6,3.1,2.2,3.5,3.1,2.25,3.6,3.15,2.19,3.54,3.08,2.28,3.75,3.3,1.73,2.1,1.73,2.2,1.66,2.15,1.79,2.22,-0.25,1.93,1.93,1.93,1.93,1.88,1.87,1.98,1.99,2.05,3.5,3.5,2.1,3.5,3.4,2.1,3.3,3.7,2,3.3,3.4,2.05,3.3,3.6,2.05,3.4,3.6,2.12,3.5,3.7,2.07,3.41,3.52,2.16,3.55,3.8,2.03,1.83,2.03,1.85,1.93,1.82,2.06,1.92,-0.25,1.75,2.05,1.8,2.05,1.76,1.98,1.86,2.14
E0,23/08/2026,14:00,Man City,Bournemouth,2,1,H,0,1,A,J Gillett,2.36,0.63,13,5,6,4,11,11,8,3,1,2,0,0,1.48,4.5,6.25,1.44,5,6,1.44,4.6,6,1.46,4.75,5.75,1.44,4.5,6,1.44,4.5,5.75,1.48,5,6.6,1.45,4.72,5.93,1.52,5.1,6.4,1.44,2.75,1.45,3,1.41,2.78,1.47,3,-1.25,1.98,1.88,1.98,1.88,1.93,1.81,2.05,1.9,1.45,4.5,7,1.44,4.6,6.5,1.4,5,7,1.43,4.75,6,1.44,4.5,6,1.44,4.75,6,1.48,5,7,1.44,4.78,6.36,1.51,5.1,7,1.57,2.38,1.57,2.63,1.52,2.45,1.59,2.66,-1.25,1.95,1.9,1.95,1.9,1.9,1.84,2.05,1.93
E0,23/08/2026,16:30,Newcastle,Liverpool,2,2,D,1,0,H,S Attwell,1.57,2.98,13,27,4,7,16,15,2,6,5,3,0,0,4,3.8,1.9,3.6,4,1.9,3.6,3.9,1.85,3.5,3.8,1.87,3.6,4,1.85,3.6,3.9,1.85,4,4,2.5,3.57,3.85,1.92,4.1,4,1.95,1.5,2.63,2,2.63,1.51,2.53,1.55,2.78,0.5,1.98,1.88,1.98,1.88,1.89,1.84,2.04,1.95,3.9,3.9,1.85,3.6,4,1.9,3.8,3.9,1.87,3.6,3.7,1.88,3.8,3.75,1.85,3.8,3.8,1.85,3.9,4,2.5,3.66,3.82,1.92,4.1,4,1.95,1.44,2.75,2,2.8,1.49,2.58,1.51,2.92,0.5,1.98,1.88,1.98,1.88,1.9,1.84,2.04,1.95
E0,24/08/2026,20:00,Fulham,Chelsea,2,3,A,1,2,A,J Brooks,1.35,1.7,14,18,6,6,12,7,6,4,2,3,0,0,3.6,3.8,1.9,3.5,4,1.95,3.75,3.75,1.85,3.5,3.5,1.93,3.8,3.7,1.87,3.8,3.6,1.85,3.8,4,1.95,3.66,3.76,1.89,4.1,3.95,1.95,1.67,2.2,1.67,2.25,1.61,2.22,1.7,2.34,0.5,1.98,1.88,1.98,1.9,1.87,1.84,2.05,1.94,3.6,3.5,2.05,3.4,3.6,2.05,3.6,3.6,2,3.4,3.4,2,3.6,3.4,2,3.6,3.5,2,3.65,3.6,2.08,3.57,3.5,2.02,3.95,3.65,2.1,1.91,1.91,1.91,1.95,1.84,1.91,1.95,2.04,0.5,1.83,2.03,1.83,2.05,1.79,1.95,1.9,2.09
E1,22/08/2026,12:30,Birmingham,Bristol City,2,2,D,1,1,D,W Finnie,1.97,1.42,8,14,2,6,13,12,7,3,2,1,0,0,1.71,3.75,4.33,1.8,3.6,4.33,1.75,3.75,4.4,1.72,3.5,4,1.75,3.7,4.33,1.8,3.6,4.2,1.88,3.75,4.4,1.79,3.66,4.22,1.85,3.95,4.6,1.8,2,1.8,2,1.79,1.96,1.91,2.02,-0.5,1.75,2.05,1.8,2.05,1.76,1.98,1.85,2.14,1.62,3.7,5,1.73,3.75,4.6,1.7,3.7,5,1.66,3.4,4.4,1.7,3.6,4.75,1.7,3.75,4.75,1.77,3.75,5,1.71,3.67,4.76,1.76,3.95,5.5,1.98,1.88,1.98,1.88,1.93,1.81,2.06,1.92,-0.75,1.9,1.95,1.95,1.95,1.89,1.85,2,1.98
E1,22/08/2026,12:30,Lincoln,Portsmouth,1,3,A,1,2,A,T Harrington,2.33,1.21,15,13,4,7,17,15,8,3,3,1,0,0,2.35,3.4,2.75,2.4,3.5,2.8,2.38,3.4,2.9,2.45,3.4,2.8,2.3,3.3,3,2.3,3.25,3,2.52,3.5,3,2.38,3.38,2.87,2.48,3.45,3.15,2,1.85,2,1.88,1.92,1.82,2.04,1.92,-0.25,2.05,1.8,2.1,1.8,2.02,1.74,2.12,1.87,2.25,3.3,3,2.38,3.4,3,2.38,3.3,3,2.3,3.3,3.1,2.3,3.25,3,2.3,3.4,3,2.38,3.4,3.14,2.32,3.31,3.04,2.44,3.5,3.25,2.1,1.73,2.1,1.8,2,1.76,2.14,1.87,-0.25,2.03,1.83,2.03,1.83,1.97,1.78,2.09,1.9
E1,22/08/2026,12:30,Millwall,Norwich,3,0,H,1,0,H,S Allison,2.7,1.02,19,8,7,2,14,8,8,3,1,3,0,1,2.15,3.4,3.1,2.2,3.5,3.2,2.2,3.4,3.2,2.2,3.4,3.2,2.2,3.4,3.2,2.2,3.3,3.2,2.25,3.5,3.25,2.2,3.4,3.17,2.3,3.6,3.4,2,1.85,2,1.85,1.9,1.83,2,1.96,-0.25,1.93,1.93,1.93,1.93,1.89,1.86,1.98,1.99,2.82,3.5,2.3,2.8,3.6,2.4,2.8,3.5,2.38,2.75,3.5,2.45,2.7,3.25,2.5,2.7,3.4,2.5,2.88,3.6,2.5,2.78,3.47,2.41,2.98,3.55,2.58,1.73,2.1,1.8,2.1,1.76,1.99,1.88,2.1,0,2.1,1.7,2.1,1.8,2.02,1.73,2.14,1.85
E1,22/08/2026,15:00,Blackburn,Middlesbrough,2,1,H,0,1,A,T Reeves,0.91,1.43,6,22,5,3,10,10,2,10,4,1,0,0,3.5,3.4,2.01,3.3,3.5,2.15,3.5,3.4,2.1,3.4,3.4,2.1,3.5,3.3,2.1,3.4,3.3,2.05,3.5,3.5,2.16,3.43,3.38,2.1,3.7,3.55,2.2,2,1.85,2,1.85,1.97,1.78,2.06,1.9,0.25,2.05,1.8,2.05,1.8,1.97,1.77,2.08,1.89,3.7,3.6,1.86,3.75,3.6,1.95,3.7,3.6,1.95,3.6,3.6,2,3.75,3.4,1.91,3.75,3.6,1.95,3.75,3.6,2,3.69,3.56,1.95,4,3.75,2.04,1.83,2.03,1.84,2.03,1.8,1.94,1.9,2.08,0.5,1.9,1.95,1.9,1.98,1.81,1.92,1.94,2.03
E1,22/08/2026,15:00,Derby,Cardiff,2,2,D,1,2,A,R Ricardo,1.62,1.98,15,16,7,7,12,10,7,7,5,1,0,0,1.91,3.5,3.75,2,3.5,3.75,1.95,3.5,3.8,2,3.4,3.7,1.95,3.4,3.8,1.95,3.4,3.8,2,3.65,4,1.96,3.5,3.74,2.04,3.65,4,2.03,1.83,2.03,1.83,1.95,1.79,2.02,1.91,-0.5,1.98,1.88,1.98,1.93,1.91,1.82,2.04,1.93,2.15,3.5,3.1,2.15,3.5,3.5,2.2,3.5,3.1,2.2,3.4,3.2,2.1,3.25,3.4,2.1,3.4,3.4,2.2,3.6,3.5,2.15,3.43,3.25,2.28,3.55,3.5,1.8,2,1.84,2,1.79,1.95,1.87,2.1,-0.25,1.95,1.9,1.95,1.95,1.86,1.88,1.94,2.05
E1,22/08/2026,15:00,Preston,Wolves,1,3,A,0,1,A,E Bell,0.66,1.54,13,16,2,5,11,10,5,4,4,1,0,0,4.2,3.4,1.81,4,3.75,1.83,4,3.7,1.85,4,3.7,1.85,4,3.75,1.85,3.9,3.6,1.85,4.2,3.75,1.88,4.03,3.64,1.85,4.4,3.75,1.95,1.8,2,1.8,2.05,1.75,2,1.89,2.04,0.5,1.98,1.88,1.98,1.88,1.92,1.81,2.02,1.95,3.7,3.2,2.05,3.6,3.6,2,3.6,3.4,2.05,3.4,3.4,2.1,3.6,3.4,2,3.6,3.5,2,3.75,3.6,2.1,3.6,3.44,2.02,4,3.55,2.1,2,1.85,2,1.95,1.87,1.86,2.04,1.94,0.5,1.73,2.08,1.8,2.08,1.75,1.97,1.88,2.11
E1,22/08/2026,15:00,QPR,Bolton,0,0,D,0,0,D,E Duckworth,1.81,0.19,18,2,10,0,6,8,9,2,1,2,0,0,1.86,3.6,3.75,1.91,3.6,4,1.87,3.6,4,1.9,3.6,3.9,1.91,3.6,3.8,1.91,3.6,3.75,1.95,3.8,4,1.9,3.63,3.82,1.98,3.8,4.2,1.93,1.93,1.93,1.93,1.87,1.86,1.97,1.98,-0.5,1.93,1.93,1.93,1.93,1.86,1.86,1.98,2,1.81,3.7,3.9,1.91,3.75,3.75,1.85,3.6,4.1,1.9,3.6,3.9,1.85,3.6,4,1.85,3.75,4,1.94,3.75,4.1,1.88,3.63,3.9,1.97,3.8,4.2,1.88,1.98,1.9,1.98,1.84,1.9,1.91,2.06,-0.5,1.88,1.98,1.88,1.98,1.84,1.89,1.97,2.01
E1,22/08/2026,15:00,Southampton,Stoke,3,1,H,1,1,D,S Martin,2.32,0.93,18,15,5,2,10,21,4,2,3,5,0,1,1.57,4,5,1.6,4.2,5,1.57,4.1,5.5,1.66,4,4.8,1.57,4.2,5,1.57,4.2,5,1.66,4.2,5.6,1.59,4.1,5.11,1.64,4.5,5.7,1.73,2.1,1.73,2.2,1.66,2.13,1.75,2.26,-1,2.05,1.8,2.05,1.8,1.98,1.77,2.07,1.87,1.56,4,5,1.67,4,5,1.62,4.1,5,1.63,4.33,4.75,1.6,4.2,4.75,1.6,4.33,4.75,1.67,4.33,5.2,1.62,4.13,4.89,1.69,4.5,5.2,1.67,2.2,1.67,2.25,1.63,2.2,1.72,2.34,-0.75,1.83,2.03,1.83,2.03,1.78,1.97,1.86,2.12
E1,22/08/2026,15:00,Swansea,Sheffield United,0,0,D,0,0,D,T Nield,0.57,1.46,9,12,1,2,14,10,6,3,2,2,0,0,2.32,3.4,2.82,2.38,3.5,2.88,2.38,3.4,2.9,2.4,3.4,2.9,2.3,3.5,2.88,2.3,3.5,2.8,2.4,3.5,3.15,2.35,3.39,2.9,2.46,3.55,3.1,1.9,1.95,1.9,1.95,1.83,1.91,1.95,2,-0.25,2.05,1.8,2.05,1.8,2,1.75,2.11,1.87,2.65,3.25,2.55,2.63,3.4,2.6,2.75,3.3,2.55,2.7,3.3,2.6,2.63,3.2,2.63,2.63,3.3,2.63,2.75,3.45,2.65,2.67,3.3,2.59,2.82,3.45,2.76,2.03,1.83,2.05,1.83,1.96,1.8,2.06,1.91,0,2,1.85,2,1.9,1.92,1.82,2.02,1.96
E1,22/08/2026,15:00,West Ham,Charlton,1,2,A,0,1,A,A Kitchen,2.84,0.62,25,7,9,5,9,16,7,4,2,3,0,0,1.33,4.75,8,1.4,4.6,8,1.36,4.8,8.5,1.38,5,7.75,1.33,4.75,8,1.36,4.75,8,1.4,5,8.5,1.37,4.81,7.93,1.41,5.3,9,1.73,2.1,1.73,2.2,1.66,2.14,1.73,2.26,2.75,1.9,1.95,1.9,1.95,1.87,1.93,,,1.39,4.5,6.5,1.44,4.6,7,1.4,4.8,7,1.44,4.8,6.5,1.36,4.75,7,1.4,5,7,1.47,5,7,1.41,4.74,6.73,1.45,5.2,8,1.57,2.38,1.62,2.4,1.57,2.32,1.64,2.5,-1.25,1.95,1.9,1.95,1.9,1.9,1.84,2.02,1.95
E1,22/08/2026,15:00,Wrexham,Watford,1,1,D,1,1,D,J Busby,1.92,0.65,12,10,2,6,13,11,10,3,2,0,0,0,1.86,3.5,4,1.95,3.6,3.75,1.9,3.6,3.9,1.95,3.6,3.75,1.87,3.5,4,1.85,3.5,4,1.95,3.6,4,1.91,3.55,3.87,1.96,3.8,4.3,1.9,1.95,1.9,1.95,1.83,1.91,1.93,1.99,-0.5,1.93,1.93,1.93,1.93,1.86,1.86,1.96,2.03,1.71,3.6,4.5,1.83,3.75,4.2,1.75,3.75,4.4,1.8,3.75,4.33,1.75,3.6,4.33,1.75,3.75,4.33,1.84,3.8,4.5,1.79,3.69,4.27,1.86,3.9,4.7,1.85,2,1.85,2,1.82,1.93,1.91,2.06,-0.5,1.75,2.05,1.8,2.05,1.76,1.97,1.86,2.14
E1,23/08/2026,12:00,West Brom,Burnley,3,1,H,1,1,D,A Backhouse,1.63,1.18,11,11,7,3,8,13,3,5,1,2,0,0,2.7,3.3,2.45,2.75,3.4,2.5,2.75,3.3,2.55,2.8,3.3,2.5,2.7,3.3,2.5,2.7,3.3,2.5,2.82,3.4,2.55,2.75,3.29,2.51,2.9,3.35,2.62,2.1,1.73,2.1,1.78,2.03,1.73,2.14,1.83,0,2.03,1.83,2.03,1.83,1.96,1.79,2.05,1.87,2.4,3.4,2.7,2.5,3.4,2.8,2.45,3.4,2.8,2.45,3.3,2.85,2.45,3.2,2.88,2.45,3.3,2.88,2.55,3.4,2.88,2.46,3.31,2.81,2.58,3.45,3.05,1.91,1.91,1.95,1.91,1.87,1.87,2.02,1.96,0,1.8,2.05,1.8,2.05,1.76,1.99,1.83,2.16
E2,22/08/2026,12:30,Doncaster,Barnsley,0,0,D,0,0,D,D Webb,1.38,0.44,12,13,3,1,13,11,4,4,1,1,0,0,1.96,3.5,3.5,2,3.75,3.5,2,3.6,3.5,2,3.6,3.3,1.91,3.7,3.7,1.91,3.5,3.5,2,3.8,3.75,1.97,3.62,3.46,2.06,3.85,3.7,1.75,2.05,1.75,2.2,1.69,2.08,1.67,1.86,-0.5,2,1.85,2,1.85,1.94,1.78,2.06,1.86,1.81,3.7,3.8,1.9,3.75,3.75,1.85,3.8,3.8,1.88,3.7,3.7,1.85,3.8,3.8,1.85,4,3.5,1.91,4,3.95,1.87,3.77,3.71,1.94,4.1,3.9,1.62,2.25,1.7,2.3,1.63,2.17,1.71,2.34,-0.5,1.88,1.98,1.88,1.98,1.82,1.89,1.94,2.02
E2,22/08/2026,12:30,Luton,Notts County,2,2,D,1,1,D,B Speedie,1.93,0.79,14,6,4,4,15,18,8,3,5,3,0,0,1.57,3.9,5,1.62,4.2,5,1.6,4,5.25,1.62,4,4.8,1.57,4,5.5,1.55,3.9,5.25,1.65,4.2,5.5,1.6,4,5.04,1.64,4.1,5.5,1.73,2.08,1.73,2.1,1.7,2.06,1.45,2.04,-0.75,1.8,2.05,1.8,2.05,1.74,2.01,1.79,2.1,1.46,4.2,5.75,1.5,4.5,6,1.5,4.33,6,1.52,4.33,5.5,1.5,4.33,6,1.5,4.5,5.5,1.55,4.5,6.2,1.51,4.32,5.73,1.56,4.7,6.6,1.67,2.15,1.67,2.2,1.64,2.14,1.72,2.32,-1,1.88,1.98,1.88,1.98,1.83,1.91,1.91,2.06
E2,22/08/2026,15:00,AFC Wimbledon,Reading,0,0,D,0,0,D,M Barlow,0.33,0.9,4,12,2,3,15,13,7,7,2,3,0,0,2.5,3.25,2.57,2.5,3.4,2.75,2.55,3.3,2.7,2.55,3.3,2.6,2.63,3.4,2.5,2.6,3.3,2.5,2.63,3.4,2.75,2.54,3.32,2.63,2.78,3.45,2.74,2.05,1.75,2.05,1.8,1.98,1.76,2.02,1.8,0,1.88,1.98,1.88,1.98,1.82,1.91,2,1.94,2.85,3.25,2.25,2.88,3.4,2.4,3,3.25,2.38,2.85,3.3,2.37,2.9,3.4,2.25,2.8,3.6,2.3,3,3.6,2.5,2.84,3.33,2.38,3.1,3.65,2.4,2.05,1.8,2.05,1.8,2,1.75,2.06,1.89,0.25,1.8,2.05,1.8,2.05,1.74,2,1.91,2.07
E2,22/08/2026,15:00,Bromley,Cambridge,1,1,D,0,0,D,K Dowle,0.61,0.76,8,11,3,6,15,5,2,5,1,2,0,0,2.65,3.1,2.55,2.63,3.4,2.6,2.7,3.3,2.55,2.65,3.4,2.45,2.63,3.3,2.6,2.6,3.2,2.5,2.8,3.4,2.63,2.67,3.27,2.54,2.8,3.4,2.78,2.08,1.73,2.08,1.8,1.99,1.75,2.04,1.8,0,1.98,1.88,1.98,1.88,1.92,1.82,1.99,1.98,2.57,3.1,2.55,2.63,3.4,2.6,2.75,3.3,2.5,2.65,3.3,2.5,2.63,3.3,2.5,2.63,3.4,2.5,2.75,3.4,2.65,2.66,3.28,2.55,2.86,3.55,2.66,2,1.85,2,1.85,1.96,1.77,2.08,1.88,0,2,1.85,2,1.88,1.93,1.82,2.06,1.92
E2,22/08/2026,15:00,Leicester,Burton,1,2,A,1,2,A,B Toner,1.09,0.71,13,13,3,6,13,19,5,3,1,3,1,0,1.49,4.2,5.5,1.53,4.33,6,1.53,4.2,5.75,1.55,4.33,5.25,1.5,4.33,5.5,1.53,4.2,5.25,1.55,4.33,6,1.53,4.23,5.47,1.59,4.5,6,1.67,2.15,1.67,2.2,1.64,2.15,1.72,2.22,-1,1.9,1.95,1.9,1.95,1.87,1.87,1.95,1.95,1.49,4,5.5,1.53,4.2,6,1.55,4.1,5.75,1.57,4.2,5.25,1.5,4,5.5,1.5,4.2,5.5,1.58,4.33,6.25,1.54,4.13,5.49,1.6,4.3,6.6,1.8,2,1.8,2.1,1.72,2.03,1.86,2.1,-1,2.03,1.83,2.03,1.9,1.93,1.81,2.05,1.92
E2,22/08/2026,15:00,Milton Keynes Dons,Huddersfield,1,1,D,0,1,A,A Byrne,1.32,2.57,15,18,3,8,6,14,3,4,1,2,0,0,2.57,3.3,2.5,2.6,3.5,2.6,2.63,3.4,2.55,2.65,3.4,2.5,2.5,3.5,2.6,2.5,3.4,2.5,2.65,3.5,2.65,2.59,3.38,2.55,2.72,3.45,2.62,1.9,1.95,1.9,1.95,1.83,1.89,1.83,2.02,0,1.95,1.9,1.95,1.9,1.88,1.84,1.96,1.91,2.4,3.3,2.65,2.5,3.5,2.75,2.45,3.4,2.75,2.55,3.3,2.6,2.4,3.4,2.75,2.4,3.5,2.7,2.6,3.5,2.75,2.47,3.38,2.7,2.54,3.65,2.94,1.85,2,1.88,2,1.83,1.9,1.92,2.04,0,1.8,2.05,1.8,2.05,1.77,1.97,1.85,2.13
E2,22/08/2026,15:00,Peterboro,Mansfield,2,1,H,0,0,D,M Woods,1.49,1.37,15,10,5,4,9,18,6,3,2,2,0,0,2.75,3.5,2.25,2.75,3.75,2.4,2.8,3.6,2.3,2.7,3.6,2.35,2.63,3.6,2.45,2.6,3.5,2.4,2.8,3.75,2.45,2.72,3.58,2.36,2.86,4,2.44,1.65,2.2,1.65,2.4,1.6,2.22,1.62,2.42,0,2.08,1.73,2.08,1.8,2.01,1.73,2.16,1.84,2.75,3.5,2.25,2.8,3.75,2.3,2.8,3.7,2.3,2.7,3.6,2.35,2.8,3.7,2.25,2.75,3.8,2.2,2.88,3.8,2.35,2.78,3.62,2.29,2.92,3.9,2.42,1.65,2.2,1.65,2.3,1.6,2.21,1.73,2.3,0.25,1.8,2.05,1.8,2.05,1.77,1.98,1.88,2.11
E2,22/08/2026,15:00,Stevenage,Oxford,1,2,A,0,0,D,J Oldham,0.99,1.24,14,12,3,5,22,22,6,6,1,4,0,0,2.32,3.2,2.85,2.38,3.3,3,2.4,3.25,3,2.37,3.2,2.95,2.3,3.2,3.1,2.25,3.1,3.1,2.4,3.3,3.1,2.35,3.18,2.98,2.48,3.25,3,2.1,1.7,2.1,1.73,2.06,1.7,2.16,1.72,-0.25,2.05,1.8,2.05,1.8,2,1.75,2.11,1.81,2.57,3,2.7,2.63,3.2,2.75,2.7,3,2.75,2.65,3.1,2.7,2.6,3,2.8,2.5,3.1,2.8,2.7,3.2,2.85,2.61,3.07,2.76,2.72,3.2,3,2.4,1.53,2.45,1.65,2.32,1.55,2.54,1.63,0,1.88,1.98,1.88,1.98,1.82,1.91,1.88,2.08
E2,22/08/2026,15:00,Stockport,Blackpool,1,2,A,0,2,A,C Brook,2.92,1.68,28,10,9,3,8,7,14,2,2,1,0,0,1.56,3.7,5.5,1.6,4,5.5,1.57,4.1,5.5,1.6,4,5,1.57,3.8,6,1.55,3.75,5.5,1.6,4.2,6,1.58,3.94,5.42,1.66,4,5.9,1.8,2,1.8,2.05,1.75,1.99,1.8,2.06,-1,2.05,1.8,2.05,1.8,1.99,1.76,2.08,1.8,1.56,3.8,5.25,1.6,4.2,5,1.57,4.1,5.5,1.6,4.1,5,1.6,3.8,5,1.57,4.33,5,1.6,4.33,5.8,1.58,4.04,5.2,1.67,4.2,5.8,1.73,2.08,1.75,2.1,1.71,2.04,1.82,2.18,-0.75,1.75,2.05,1.75,2.05,1.72,2.03,1.84,2.13
E2,22/08/2026,15:00,Wigan,Leyton Orient,0,2,A,0,1,A,R Martin,1.36,0.94,16,9,2,3,11,17,4,3,1,3,0,0,2.15,3.1,3.25,2.25,3.3,3.25,2.2,3.25,3.25,2.25,3.25,3,2.25,3.3,3.2,2.25,3.2,3.1,2.25,3.3,3.4,2.21,3.22,3.23,2.26,3.4,3.5,2.1,1.7,2.15,1.7,2.1,1.67,2.2,1.74,-0.25,1.93,1.93,1.93,1.93,1.87,1.87,1.94,2,1.91,3.3,3.75,2,3.5,3.75,2,3.4,3.7,2.05,3.4,3.5,2,3.4,3.5,1.95,3.6,3.4,2.05,3.6,3.9,1.99,3.42,3.63,2.1,3.7,3.8,1.98,1.88,2,1.88,1.96,1.78,2.1,1.88,-0.5,2,1.85,2,1.85,1.94,1.78,2.11,1.89
E2,22/08/2026,15:00,Wycombe,Plymouth,1,1,D,0,1,A,N Hair,1.89,0.77,14,12,5,3,10,15,5,5,1,3,0,0,2.4,3.3,2.7,2.5,3.6,2.63,2.45,3.5,2.7,2.45,3.4,2.7,2.5,3.5,2.63,2.45,3.4,2.6,2.55,3.6,2.75,2.45,3.44,2.67,2.54,3.5,2.82,1.8,2,1.8,2,1.76,1.97,1.81,2.02,0,1.83,2.03,1.83,2.03,1.78,1.96,1.83,2.08,2.4,3.3,2.75,2.5,3.5,2.75,2.4,3.4,2.8,2.45,3.4,2.65,2.3,3.5,2.7,2.3,3.6,2.7,2.55,3.6,2.8,2.43,3.43,2.7,2.52,3.75,2.9,1.85,2,1.85,2.1,1.78,1.95,1.9,2.08,0,1.8,2.05,1.8,2.05,1.77,1.97,1.85,2.14
E3,22/08/2026,12:30,Bristol Rvs,Newport County,5,3,H,1,1,D,S Mather,4.28,0.47,26,8,9,3,6,8,11,1,2,1,0,0,1.61,3.6,5.25,1.67,4,5,1.65,3.9,5,1.65,4,4.6,1.62,3.8,5.5,1.6,3.75,5,1.67,4.2,5.5,1.63,3.85,4.96,1.69,4.1,5.4,1.8,2,1.83,2.1,1.77,1.96,1.87,2.08,-0.75,1.85,2,1.85,2,1.8,1.94,1.88,2.11,1.62,3.6,5.25,1.7,4,4.6,1.67,3.75,5,1.7,3.8,4.6,1.67,3.75,4.75,1.67,3.8,4.5,1.71,4,5.25,1.68,3.77,4.72,1.74,4.1,5.3,1.88,1.98,1.88,2,1.8,1.92,1.93,2.02,-0.75,1.88,1.98,1.88,1.98,1.85,1.89,1.96,2
E3,22/08/2026,12:30,Salford,Chesterfield,0,1,A,0,1,A,S Oldham,0.53,1.89,10,14,3,3,12,17,5,1,2,3,0,0,1.96,3.1,3.8,2.05,3.4,3.6,2.05,3.3,3.6,2.05,3.4,3.5,2.05,3.3,3.6,2.05,3.2,3.5,2.05,3.5,3.8,2.03,3.31,3.55,2.12,3.5,3.75,2.1,1.7,2.1,1.8,2.01,1.73,1.97,1.71,-0.5,2.05,1.8,2.05,1.8,1.99,1.74,2.13,1.83,1.86,3.3,4,2,3.5,3.75,2,3.5,3.6,2,3.4,3.4,2,3.5,3.6,1.95,3.6,3.5,2.05,3.6,4,1.99,3.44,3.59,2.08,3.7,3.85,1.93,1.93,1.95,1.93,1.89,1.82,1.93,2.04,-0.5,1.98,1.88,1.98,1.88,1.93,1.77,2.08,1.89
E3,22/08/2026,12:30,Walsall,Grimsby,0,0,D,0,0,D,M Russell,1.33,0.85,16,13,2,1,12,15,8,7,1,1,0,0,2.75,3.2,2.4,2.75,3.4,2.5,2.75,3.25,2.55,2.75,3.3,2.45,2.75,3.25,2.5,2.7,3.1,2.5,2.8,3.4,2.6,2.73,3.26,2.49,3,3.4,2.52,2.1,1.7,2.1,1.8,2.03,1.71,2.1,1.8,0,2.03,1.83,2.03,1.85,1.94,1.8,2.12,1.8,2.85,3.3,2.25,3,3.5,2.3,3,3.4,2.3,2.95,3.4,2.25,3,3.3,2.25,2.9,3.5,2.2,3,3.5,2.38,2.95,3.38,2.28,3.25,3.6,2.34,1.98,1.88,2.05,1.88,1.93,1.8,2.02,1.95,0.25,1.83,2.03,1.83,2.03,1.77,1.97,1.96,2.01
E3,22/08/2026,15:00,Colchester,Oldham,2,1,H,0,1,A,J Durkin,2.19,0.19,17,6,5,2,14,17,8,2,2,5,0,1,2.4,3.4,2.65,2.5,3.5,2.75,2.5,3.4,2.7,2.45,3.4,2.7,2.5,3.4,2.7,2.45,3.3,2.63,2.6,3.5,2.75,2.47,3.38,2.68,2.7,3.55,2.66,1.93,1.93,1.93,1.93,1.86,1.85,1.94,1.92,0,1.83,2.03,1.83,2.03,1.8,1.94,1.97,1.93,2.55,3.4,2.55,2.63,3.5,2.6,2.63,3.3,2.63,2.65,3.3,2.5,2.7,3.3,2.45,2.7,3.5,2.4,2.75,3.5,2.63,2.64,3.38,2.52,2.92,3.55,2.6,1.95,1.9,1.95,1.91,1.87,1.85,1.99,1.97,0,1.93,1.93,1.98,1.93,1.89,1.84,2.12,1.89
E3,22/08/2026,15:00,Crewe,Northampton,1,0,H,0,0,D,L Sandoe,0.5,0.68,6,15,3,6,14,12,7,6,1,1,0,0,2.1,3.4,3.2,2,3.5,3.2,2.15,3.4,3.25,2.2,3.4,3.1,2.1,3.4,3.3,2.1,3.3,3.2,2.2,3.5,3.3,2.13,3.41,3.17,2.18,1.1,3.35,2.03,1.83,2.03,1.83,1.95,1.77,2,1.83,-0.25,1.9,1.95,1.9,1.95,1.85,1.89,1.88,1.92,2.1,3.4,3.2,2,3.5,3.2,2.2,3.3,3.25,2.2,3.25,3.2,2.1,3.4,3.25,2.1,3.6,3.2,2.2,3.6,3.25,2.13,3.4,3.18,2.3,3.55,3.45,2.03,1.83,2.03,1.83,1.95,1.78,2.06,1.92,-0.25,1.9,1.95,1.9,1.95,1.85,1.88,1.97,2
E3,22/08/2026,15:00,Exeter,Accrington,2,0,H,2,0,H,S Jackson,2.09,0.93,19,14,5,2,13,12,9,1,3,2,0,0,1.91,3.4,3.75,2,3.5,3.75,1.95,3.5,3.75,1.93,3.4,3.75,1.95,3.5,3.75,1.91,3.4,3.6,2,3.5,3.8,1.95,3.44,3.69,2.1,3.5,3.85,1.95,1.85,1.95,1.85,1.89,1.82,1.97,1.88,-0.5,1.98,1.88,1.98,1.88,1.91,1.8,2.1,1.86,1.96,3.3,3.7,2,3.5,3.75,2,3.5,3.6,2.05,3.3,3.6,2,3.3,3.6,2,3.5,3.5,2.05,3.5,3.8,1.99,3.39,3.63,2.14,3.6,3.85,2,1.85,2,1.85,1.92,1.81,2.06,1.91,-0.5,2.05,1.75,2.05,1.8,1.95,1.76,2.14,1.87
E3,22/08/2026,15:00,Fleetwood Town,Gillingham,0,0,D,0,0,D,D Baines,0.8,1.07,17,9,0,3,13,15,10,2,1,2,0,0,1.81,3.4,4.2,1.95,3.5,4,1.87,3.6,4,1.95,3.4,3.7,1.9,3.6,3.8,1.85,3.4,3.8,1.95,3.8,4.2,1.88,3.52,3.87,1.95,3.75,4.1,1.95,1.85,1.95,1.91,1.89,1.83,1.92,1.92,-0.5,1.9,1.95,1.91,1.95,1.86,1.86,1.95,1.98,1.81,3.5,4,1.95,3.5,4,1.87,3.5,4.1,1.9,3.4,3.9,1.85,3.5,4,1.85,3.7,3.8,1.95,3.7,4.1,1.88,3.52,3.9,1.91,3.85,4.5,2,1.85,2,1.85,1.92,1.81,1.99,1.98,-0.5,1.85,2,1.91,2,1.85,1.87,1.91,2.08
E3,22/08/2026,15:00,Port Vale,Tranmere,1,1,D,1,0,H,D Brown,1.64,0.73,9,6,4,4,19,17,4,3,2,3,0,0,1.68,3.5,4.75,1.8,3.6,4.6,1.73,3.6,4.8,1.77,3.6,4.4,1.73,3.5,5,1.73,3.4,4.75,1.8,3.6,5,1.74,3.53,4.67,1.8,3.65,5.1,2.1,1.7,2.1,1.75,2.03,1.71,2.1,1.75,-0.75,2,1.85,2,1.85,1.94,1.79,2.03,1.89,1.86,3.3,4.1,1.95,3.4,4,1.95,3.3,4,1.95,3.4,3.75,1.91,3.3,4,1.9,3.5,3.8,1.98,3.6,4.1,1.93,3.36,3.87,2,3.55,4.3,2.15,1.67,2.15,1.73,2.09,1.68,2.24,1.77,-0.5,1.93,1.93,1.93,1.93,1.91,1.81,2,1.96
E3,22/08/2026,15:00,Rochdale,Crawley Town,1,2,A,0,1,A,Z Kennard-Kettle,0.79,2.01,7,12,3,2,12,14,5,3,4,4,0,0,1.86,3.3,4,2,3.6,3.6,2,3.5,3.6,2,3.5,3.5,1.91,3.7,3.75,1.91,3.6,3.6,2,3.7,4,1.95,3.5,3.63,1.99,3.55,3.95,1.85,1.95,1.85,2,1.81,1.91,1.86,1.95,-0.5,1.98,1.88,1.98,1.88,1.93,1.8,1.99,1.86,1.71,3.6,4.33,1.83,3.75,4.2,1.8,3.75,4.1,1.87,3.5,3.9,1.75,3.75,4.2,1.75,3.8,4,1.89,3.8,4.33,1.8,3.68,4.03,1.88,4,4.4,1.75,2.05,1.8,2.05,1.73,2.01,1.79,2.22,-0.5,1.78,2.03,1.85,2.03,1.78,1.93,1.88,2.11
E3,22/08/2026,15:00,Rotherham,York,1,1,D,1,1,D,D Bourne,0.82,2.58,10,17,2,5,11,5,5,9,2,0,0,0,2.45,3.2,2.7,2.4,3.5,2.8,2.45,3.4,2.75,2.45,3.4,2.7,2.3,3.4,2.9,2.3,3.25,2.88,2.5,3.5,2.9,2.41,3.34,2.77,2.62,3.4,2.9,1.95,1.85,1.95,2,1.86,1.85,1.92,1.94,0,1.83,2.03,1.83,2.03,1.77,1.98,1.87,2.11,2.85,3.25,2.3,2.8,3.5,2.4,2.88,3.4,2.38,2.75,3.3,2.4,2.7,3.5,2.4,2.63,3.6,2.4,2.88,3.6,2.54,2.74,3.37,2.42,2.88,3.7,2.56,1.85,2,1.88,2,1.84,1.87,1.9,2.04,0,2.1,1.7,2.1,1.8,2.01,1.73,2.1,1.86
E3,22/08/2026,15:00,Shrewsbury,Barnet,1,3,A,1,1,D,W Davis,1.31,0.97,10,15,1,3,14,14,7,9,1,0,0,0,4,3.4,1.86,4,3.5,1.95,3.8,3.5,1.93,3.9,3.4,1.9,3.8,3.5,1.91,3.75,3.4,1.91,4,3.5,1.95,3.83,3.45,1.91,4,3.5,2,1.95,1.85,1.95,1.88,1.9,1.81,1.94,1.92,0.5,1.93,1.93,1.93,1.93,1.84,1.88,1.96,2,3.9,3.3,1.91,3.75,3.5,2,3.75,3.4,2,3.8,3.3,1.95,3.7,3.4,1.95,3.6,3.5,1.95,3.9,3.5,2,3.71,3.4,1.96,3.9,3.6,2.1,2.03,1.83,2.03,1.85,1.93,1.8,2.04,1.94,0.5,1.85,2,1.9,2,1.81,1.91,1.87,2.1
E3,22/08/2026,15:00,Swindon,Cheltenham,2,1,H,1,0,H,C Hicks,1.01,1.02,5,14,3,6,7,12,2,5,1,1,0,0,1.76,3.7,4.2,1.83,3.75,4.2,1.83,3.6,4.1,1.78,3.7,4.1,1.8,3.75,4.2,1.75,3.6,4,1.88,3.75,4.5,1.8,3.63,4.11,1.96,3.65,4.2,1.8,2,1.83,2.1,1.77,1.95,1.86,1.99,-0.5,1.8,2.05,1.8,2.05,1.77,1.95,1.96,1.96,1.96,3.5,3.6,2,3.6,3.6,1.95,3.5,3.7,1.98,3.4,3.6,1.95,3.4,3.8,1.91,3.6,3.75,2,3.6,3.8,1.95,3.48,3.66,2.06,3.7,4,1.88,1.98,1.88,2,1.83,1.9,1.97,2,-0.5,2.03,1.83,2.03,1.83,1.93,1.79,2.06,1.92
EC,22/08/2026,12:30,Boston Utd,Altrincham,1,0,H,0,0,D,G Rhodes,,,9,2,6,0,11,14,9,6,1,2,0,0,1.75,3.7,4,1.8,3.6,4,1.75,3.6,4.1,1.75,3.6,3.7,1.7,3.8,4,1.7,3.6,3.8,1.8,4,4.1,1.75,3.69,3.93,1.77,3.65,3.7,1.73,2.08,1.75,2.1,1.71,2.03,1.8,1.87,-0.75,2,1.8,2,1.8,1.94,1.77,1.97,1.8,1.7,3.7,4.2,1.7,3.75,4.2,1.67,3.7,4.4,1.68,3.5,4.1,1.67,3.7,4.2,1.67,3.6,4,1.7,4,4.4,1.69,3.7,4.18,1.82,4,4.5,1.75,2.05,1.8,2.05,1.74,1.98,1.9,2.02,-0.75,1.95,1.85,1.95,1.85,1.88,1.82,2.07,1.89
EC,22/08/2026,12:30,Carlisle,Hornchurch,4,1,H,1,0,H,G Thomas,,,15,6,13,5,7,9,8,7,0,1,0,0,1.55,4.2,4.5,1.62,4,4.6,1.6,3.9,4.75,1.58,3.9,4.33,1.57,3.8,4.75,1.55,3.75,4.6,1.62,4.2,4.75,1.59,3.92,4.6,1.6,3.9,4.5,1.65,2.2,1.65,2.4,1.6,2.21,1.58,2.06,-0.75,1.83,1.98,1.83,1.98,1.77,1.95,1.72,2.07,1.5,4.33,4.75,1.5,4.2,5.5,1.5,4.1,5.75,1.49,4.1,5,1.44,4.2,5.5,1.44,4,5.25,1.55,4.33,5.75,1.5,4.13,5.21,1.57,4.4,6.4,1.65,2.2,1.65,2.3,1.6,2.19,1.68,2.42,-1,1.88,1.93,1.88,1.93,1.82,1.89,1.9,2
EC,22/08/2026,12:30,Eastleigh,Scunthorpe,3,2,H,1,0,H,A Young,,,8,9,5,3,7,11,6,4,0,1,0,0,3.1,3.5,2.05,3.2,3.5,2.05,3.13,3.5,2.05,3,3.4,2,3,3.6,2,3,3.5,2,3.2,3.75,2.1,3.09,3.52,2.04,2.9,3.35,1.98,1.75,2.05,1.75,2.1,1.69,2.05,1.62,1.94,0.25,1.98,1.83,1.98,1.83,1.93,1.79,1.88,1.76,3.4,3.6,1.9,3.4,3.5,1.95,3.5,3.5,1.93,3.4,3.4,1.88,3.3,3.5,1.87,3.25,3.5,1.85,3.5,3.75,2,3.38,3.49,1.93,3.6,3.75,2.08,1.73,2.08,1.73,2.1,1.69,2.04,1.8,2.14,0.5,1.83,1.98,1.83,1.98,1.77,1.92,1.86,2.08
EC,22/08/2026,12:30,Forest Green,Boreham Wood,0,3,A,0,2,A,S Gill,,,2,9,0,5,13,7,2,5,2,1,1,0,2.25,3.6,2.75,2.3,3.75,2.6,2.3,3.6,2.6,2.15,3.5,2.65,2.2,3.75,2.5,2.2,3.6,2.5,2.4,3.75,2.75,2.27,3.6,2.61,2.44,3.6,2.62,1.53,2.4,1.54,2.55,1.49,2.46,1.51,2.48,0,1.7,2.1,1.75,2.1,1.73,1.98,1.84,1.99,2.5,3.6,2.45,2.4,3.75,2.5,2.4,3.7,2.45,2.37,3.4,2.4,2.4,3.6,2.4,2.38,3.5,2.38,2.5,3.75,2.55,2.41,3.59,2.45,2.64,3.9,2.62,1.5,2.5,1.54,2.63,1.48,2.47,1.55,2.68,0,1.93,1.88,1.93,1.88,1.85,1.85,1.99,1.96
EC,22/08/2026,12:30,Halifax,Tamworth,4,1,H,3,0,H,P Marsden,,,10,8,9,3,15,13,2,7,3,1,0,0,2.2,3.5,2.8,2.2,3.4,2.88,2.2,3.3,3,2.1,3.25,2.95,2.2,3.3,2.88,2.15,3.25,2.8,2.2,3.5,3.1,2.18,3.33,2.93,2.3,3.5,3.1,1.85,1.95,1.85,1.95,1.81,1.9,1.87,1.98,-0.25,1.98,1.83,1.98,1.83,1.89,1.82,2,1.88,2.35,3.7,2.5,2.4,3.5,2.6,2.38,3.4,2.63,2.35,3.25,2.55,2.3,3.3,2.5,2.38,3.3,2.5,2.45,3.7,2.7,2.37,3.39,2.59,2.58,3.65,2.76,1.7,2.1,1.75,2.1,1.71,2.03,1.76,2.26,0,1.83,1.98,1.83,1.98,1.76,1.95,1.9,2.03
EC,22/08/2026,12:30,Harrogate,Barrow,2,2,D,1,1,D,A Dale,,,6,8,5,4,12,9,3,6,2,1,0,0,2.1,3.5,2.9,2.2,3.4,2.88,2.2,3.4,2.9,2.15,3.3,2.8,2.15,3.4,2.88,2.15,3.3,2.8,2.25,3.6,2.9,2.18,3.43,2.86,2.22,3.5,3.1,1.8,2,1.8,2,1.76,1.96,1.69,1.87,-0.25,1.88,1.93,1.88,1.93,1.87,1.84,1.94,1.89,2,3.6,3.1,1.95,3.5,3.4,2,3.4,3.3,1.95,3.3,3.2,1.91,3.5,3.3,1.91,3.5,3.25,2.05,3.6,3.5,1.97,3.45,3.25,2.04,3.85,3.6,1.8,2,1.8,2,1.76,1.95,1.86,2.08,-0.5,2,1.8,2,1.8,1.95,1.74,2.04,1.89
EC,22/08/2026,12:30,Kidderminster,Aldershot,1,1,D,1,0,H,S Morland,,,9,6,5,2,18,12,9,2,4,4,0,2,2.1,3.5,3,2.15,3.5,3,2.1,3.5,3,2.05,3.4,2.9,2.1,3.5,2.9,2.1,3.4,2.88,2.15,3.6,3.14,2.1,3.48,2.99,1.97,3.3,2.9,1.67,2.15,1.67,2.15,1.66,2.09,1.64,1.91,-0.25,1.85,1.95,1.85,1.95,1.82,1.88,1.74,1.92,2.05,3.5,3.1,1.95,3.5,3.4,2,3.5,3.2,1.93,3.4,3.25,1.91,3.4,3.3,1.85,3.5,3.4,2.05,3.75,3.4,1.96,3.5,3.26,2,3.9,3.8,1.73,2.08,1.73,2.1,1.68,2.06,1.78,2.18,-0.5,2,1.8,2,1.8,1.94,1.75,2.02,1.96
EC,22/08/2026,12:30,Solihull,Southend,1,3,A,1,2,A,J Robinson,,,10,10,6,4,9,11,6,4,4,1,0,0,4.2,3.8,1.67,3.75,3.6,1.83,3.8,3.6,1.8,3.7,3.5,1.78,3.75,3.5,1.8,3.6,3.4,1.8,4.2,3.8,1.85,3.78,3.59,1.8,4.1,3.95,1.87,1.7,2.1,1.7,2.2,1.67,2.09,1.72,2.16,0.5,2.1,1.7,2.1,1.8,1.93,1.77,2.09,1.87,3.6,3.7,1.83,3.75,3.75,1.8,3.9,3.7,1.75,3.8,3.6,1.72,4,3.75,1.67,3.75,3.5,1.75,4.2,3.8,1.83,3.88,3.66,1.75,4.2,3.95,1.89,1.7,2.1,1.7,2.15,1.67,2.08,1.76,2.26,0.5,1.98,1.83,1.98,1.83,1.95,1.75,2.06,1.89
EC,22/08/2026,12:30,Sutton,Hartlepool,2,1,H,2,1,H,O Mackey,,,8,7,3,3,18,11,4,5,2,3,0,0,2.35,3.4,2.7,2.38,3.5,2.63,2.38,3.4,2.63,2.3,3.4,2.55,2.3,3.6,2.6,2.25,3.5,2.5,2.38,3.8,2.7,2.32,3.52,2.61,2.42,3.65,2.78,1.8,2,1.8,2.2,1.68,2.07,1.7,2.14,0,1.78,2.03,1.78,2.03,1.75,1.97,1.82,2.06,2.15,3.5,3,2.2,3.5,2.88,2.15,3.4,3,2.2,3.25,2.7,2.15,3.25,2.9,2.15,3.2,2.9,2.25,3.6,3,2.19,3.4,2.85,2.34,3.65,3.1,1.75,2.05,1.75,2.1,1.72,2.01,1.89,2.04,-0.25,1.9,1.9,1.9,1.9,1.88,1.82,2.04,1.9
EC,22/08/2026,12:30,Woking,Fylde,3,2,H,0,1,A,A Merchant,,,9,6,5,2,18,15,1,3,3,2,0,0,2.15,3.5,2.88,2.25,3.6,2.75,2.2,3.5,2.8,2.1,3.4,2.8,2.2,3.4,2.8,2.2,3.3,2.75,2.3,3.6,2.9,2.21,3.49,2.78,2.34,3.5,2.74,1.67,2.15,1.67,2.25,1.62,2.17,1.58,2,-0.25,1.98,1.83,1.98,1.83,1.92,1.78,2.04,1.78,2.63,3.5,2.35,2.6,3.5,2.4,2.63,3.4,2.38,2.45,3.3,2.4,2.4,3.4,2.4,2.45,3.4,2.45,2.63,3.6,2.5,2.54,3.38,2.42,2.84,3.65,2.54,1.7,2.1,1.7,2.2,1.66,2.09,1.84,2.08,0,2.03,1.78,2.03,1.78,1.95,1.76,2.09,1.87
EC,22/08/2026,12:30,Worthing,Wealdstone,1,0,H,1,0,H,T Sangowawa,,,19,4,11,3,11,21,7,5,0,5,0,1,2.05,3.7,3,2.1,3.5,3,2.05,3.5,3.1,2,3.5,3,2.05,3.6,3,2.05,3.5,2.9,2.12,3.8,3.1,2.06,3.56,3,2.1,3.85,3.25,1.62,2.25,1.7,2.25,1.65,2.12,1.7,2.1,-0.5,2.08,1.73,2.08,1.73,2.04,1.68,2.1,1.79,2.15,3.7,2.88,2.1,3.6,3,2.1,3.6,2.9,2.05,3.5,2.85,2.05,3.6,2.88,2.05,3.5,2.88,2.15,3.8,3.1,2.08,3.59,2.91,2.34,3.85,3.05,1.57,2.35,1.57,2.4,1.56,2.28,1.65,2.44,-0.25,1.93,1.88,1.93,1.88,1.86,1.84,2.04,1.93
EC,22/08/2026,12:30,Yeovil,Gateshead,3,0,H,1,0,H,R Aspinall,,,16,1,12,1,6,16,7,2,3,5,0,0,2,3.5,3.3,2.05,3.4,3.3,2.1,3.3,3.2,1.98,3.25,3.25,1.95,3.4,3.3,1.95,3.3,3.25,2.1,3.5,3.5,2.01,3.37,3.31,1.94,3.45,3.85,1.85,1.95,1.91,1.95,1.86,1.84,1.91,1.88,-0.5,2.03,1.78,2.06,1.78,1.99,1.72,1.94,1.89,2,3.5,3.3,2.05,3.4,3.3,2.1,3.3,3.2,1.98,3.2,3.3,1.95,3.25,3.5,1.95,3.2,3.4,2.1,3.5,3.5,2.01,3.31,3.33,2.1,3.5,3.75,1.98,1.83,1.98,1.91,1.88,1.83,1.98,1.97,-0.5,2.03,1.78,2.06,1.78,1.98,1.72,2.1,1.83
F1,21/08/2026,19:45,Marseille,Strasbourg,4,0,H,0,0,D,,1.86,0.19,14,5,8,2,6,12,3,4,1,2,0,1,1.73,4.1,4.33,1.73,4,4.33,1.7,4.1,4.33,1.73,4.1,4.33,1.7,4,4.33,1.7,4.2,4.33,1.75,4.2,4.33,1.72,4.05,4.28,1.78,4.3,4.7,1.57,2.38,1.58,2.6,1.51,2.46,1.59,2.66,-0.75,1.93,1.93,1.93,1.93,1.87,1.87,1.97,2,1.75,4.1,4.2,1.73,4,4.33,1.75,4.1,4.1,1.72,4.1,4.33,1.73,3.8,4.33,1.67,4.2,4.4,1.75,4.2,4.4,1.73,4.02,4.25,1.79,4.2,4.7,1.57,2.38,1.58,2.63,1.51,2.46,1.57,2.72,-0.75,1.98,1.88,1.98,1.9,1.9,1.84,1.99,2
F1,22/08/2026,16:15,Lens,Auxerre,5,2,H,1,0,H,,4.42,1.85,12,10,9,4,6,21,4,7,1,1,0,1,1.55,4.5,5.25,1.57,4.33,5.5,1.53,4,5.25,1.58,4.33,5.25,1.5,4.2,5.5,1.53,4.2,5.5,1.58,4.5,6,1.55,4.23,5.37,1.59,4.5,6,1.67,2.2,1.67,2.25,1.63,2.21,1.7,2.32,-1,1.95,1.9,1.95,1.9,1.9,1.84,1.98,1.96,1.42,4.5,7.5,1.5,4.5,7,1.4,4.75,7.5,1.44,4.75,6.75,1.44,4.33,7,1.44,4.5,7,1.5,4.8,7.5,1.44,4.56,6.9,1.49,4.7,8,1.67,2.2,1.67,2.25,1.65,2.17,1.75,2.28,-1.25,1.93,1.93,1.93,1.93,1.9,1.84,2.05,1.9
F1,22/08/2026,19:45,Le Mans,Brest,2,2,D,1,1,D,,0.67,2.73,8,26,5,7,14,12,1,10,1,1,0,0,2.55,3.4,2.7,2.5,3.5,2.75,2.45,3.3,2.63,2.55,3.4,2.65,2.5,3.5,2.63,2.5,3.5,2.63,2.58,3.5,2.75,2.51,3.39,2.69,2.64,3.55,2.86,1.88,1.98,1.88,1.98,1.84,1.9,1.96,1.99,0,1.88,1.98,1.88,1.98,1.8,1.94,1.9,2.06,2.5,3.3,2.8,2.5,3.4,2.75,2.5,3.4,2.75,2.45,3.3,2.8,2.5,3.2,2.75,2.5,3.3,2.75,2.58,3.4,2.8,2.5,3.32,2.76,2.66,3.5,2.94,1.98,1.88,1.98,1.91,1.9,1.84,2.02,1.95,0,1.8,2.05,1.8,2.05,1.78,1.97,1.9,2.1
F1,22/08/2026,19:45,Nice,Lorient,0,0,D,0,0,D,,1.05,1.27,14,10,1,2,15,8,9,3,1,0,0,0,2.1,3.5,3.4,2.15,3.6,3.25,2.05,3.4,3.25,2.1,3.6,3.3,2.1,3.6,3.3,2.05,3.6,3.25,2.15,3.6,3.4,2.1,3.49,3.29,2.2,3.6,3.6,1.85,2,1.85,2,1.8,1.94,1.91,2.02,-0.25,1.83,2.03,1.83,2.03,1.8,1.95,1.9,2.08,2.3,3.3,3.2,2.4,3.3,3,2.3,3.3,3.1,2.3,3.2,3.2,2.38,3.1,3,2.3,3.25,3.1,2.4,3.3,3.2,2.33,3.23,3.1,2.5,3.35,3.25,2.1,1.73,2.15,1.73,2.06,1.71,2.18,1.82,-0.25,2,1.85,2,1.85,1.97,1.78,2.12,1.87
F1,22/08/2026,19:45,Toulouse,Lyon,0,2,A,0,0,D,,2.76,0.7,17,11,2,3,15,15,6,5,1,2,0,0,2.8,3.4,2.5,2.8,3.6,2.38,2.7,3.3,2.38,2.7,3.5,2.45,2.75,3.3,2.5,2.75,3.25,2.5,2.98,3.6,2.5,2.78,3.39,2.42,2.9,3.5,2.64,1.83,2.03,1.83,2.03,1.77,1.98,1.88,2.06,0,2.03,1.83,2.1,1.83,2.01,1.75,2.09,1.89,2.2,3.5,3.2,2.3,3.5,3,2.2,3.5,3.2,2.25,3.4,3.1,2.25,3.25,3.1,2.25,3.4,3.1,2.3,3.5,3.2,2.25,3.42,3.09,2.36,3.5,3.4,1.88,1.98,1.88,2,1.83,1.91,1.98,2,-0.25,1.93,1.93,1.93,1.93,1.88,1.86,2.01,1.97
F1,22/08/2026,19:45,Troyes,Paris FC,0,0,D,0,0,D,,0.41,1.8,9,10,2,1,8,14,6,2,2,1,0,0,3.1,3.4,2.3,2.88,3.6,2.3,2.9,3.5,2.2,2.9,3.5,2.3,3,3.4,2.25,3,3.4,2.25,3.1,3.6,2.32,2.96,3.46,2.27,3.25,3.65,2.34,1.73,2.1,1.73,2.15,1.68,2.1,1.78,2.18,0.25,1.88,1.98,1.88,1.98,1.82,1.93,1.94,2.03,3.5,3.4,2.1,3.2,3.6,2.15,3.3,3.6,2.1,3.3,3.5,2.1,3.3,3.4,2.1,3.3,3.5,2.1,3.5,3.6,2.15,3.3,3.52,2.11,3.6,3.65,2.2,1.8,2,1.8,2.1,1.73,2.03,1.85,2.14,0.5,1.75,2.05,1.75,2.1,1.71,2.05,,
F1,23/08/2026,14:00,Angers,Lille,0,2,A,0,2,A,,1.99,1.24,20,11,2,8,11,13,8,3,2,2,0,0,5,3.7,1.7,5,3.75,1.7,4.75,3.6,1.67,5,3.6,1.71,5,3.8,1.67,5,3.75,1.67,5.1,3.8,1.73,4.88,3.69,1.69,5.1,3.9,1.79,2.03,1.83,2.03,1.85,1.94,1.8,2.04,1.89,0.75,1.93,1.93,1.93,1.93,1.87,1.87,1.92,2.03,5,3.6,1.73,4.5,3.6,1.8,4.8,3.6,1.75,4.75,3.6,1.77,4.5,3.4,1.75,4.75,3.6,1.75,5,3.6,1.81,4.67,3.58,1.76,5.2,3.8,1.83,2.1,1.73,2.1,1.8,2.04,1.73,2.16,1.86,0.75,1.88,1.98,1.88,2,1.8,1.96,1.92,2.08
F1,23/08/2026,16:15,Le Havre,Monaco,0,1,A,0,1,A,,0.6,1.39,15,15,4,7,13,12,7,4,3,2,0,0,3.6,4,1.91,3.75,3.75,1.9,3.6,3.75,1.83,3.7,3.9,1.88,3.6,3.8,1.87,3.6,3.8,1.85,3.75,4,1.97,3.64,3.82,1.87,3.85,4,1.96,1.57,2.38,1.58,2.38,1.56,2.3,1.64,2.44,0.5,1.98,1.88,1.98,1.9,1.9,1.83,2,1.96,4.2,3.5,1.9,3.5,3.4,2,3.9,3.6,1.9,3.9,3.5,1.93,3.8,3.4,1.91,3.8,3.5,1.91,4.2,3.6,2,3.89,3.5,1.92,4.3,3.65,2,2.03,1.83,2.03,1.95,1.86,1.88,1.99,2,0.5,1.95,1.9,1.95,1.91,1.88,1.85,,
F1,23/08/2026,19:45,Rennes,Paris SG,2,2,D,2,0,H,,0.87,2.17,9,19,3,5,7,6,0,10,2,2,0,0,5.75,4.75,1.5,6,4.6,1.5,5.5,4.5,1.44,5.5,4.5,1.52,1.5,1.5,5,4.5,4.5,5.25,6,4.75,1.54,5.44,4.57,1.5,5.8,5,1.56,1.44,2.75,1.45,3,1.41,2.77,1.47,2.88,1,2.05,1.75,2.05,1.8,2.01,1.74,2.07,1.86,6,5,1.45,5.5,5,1.44,6,5,1.44,5.75,4.75,1.49,6,4.5,1.44,6,5,1.44,6.5,5,1.5,5.94,4.84,1.45,6.8,5,1.52,1.4,3,1.45,3,1.41,2.78,1.49,3,1.25,1.88,1.98,1.88,1.98,1.84,1.9,1.92,2.04
F2,21/08/2026,19:00,Boulogne,Red Star,1,1,D,0,1,A,,1.53,1.29,17,6,9,3,15,18,3,3,4,4,0,0,3.25,3.25,2,3.2,3.25,2.15,3.4,3.3,2.1,3.4,3.25,2.1,3.2,3.3,2.1,3.1,3.1,2.1,3.5,3.3,2.2,3.32,3.24,2.11,3.9,3.35,2.2,2.05,1.75,2.1,1.75,2.03,1.71,2.22,1.8,0.5,1.73,2.08,1.73,2.1,1.68,2.06,1.8,2.2,3.4,3.2,1.95,3.6,3.2,2,3.7,3.13,2.05,3.7,3.1,2.05,3.6,3,2,3.5,2.9,2,3.75,3.3,2.05,3.62,3.13,2.02,4,3.3,2.2,2.35,1.57,2.35,1.62,2.25,1.58,2.44,1.68,0.25,2.05,1.75,2.05,1.75,2,1.73,2.12,1.87
F2,21/08/2026,19:00,Clermont,Dijon,1,1,D,0,0,D,,0.51,1.03,8,18,2,6,7,19,2,7,0,2,0,0,2.55,3,2.55,2.6,3.25,2.5,2.63,3.25,2.63,2.6,3.2,2.6,2.5,3.1,2.63,2.45,3,2.6,2.65,3.3,2.7,2.59,3.18,2.6,2.76,3.4,2.84,2.1,1.7,2.1,1.73,2.05,1.7,2.22,1.79,0,1.9,1.9,1.9,1.9,1.85,1.86,1.95,2.02,2.75,3,2.38,2.75,3.1,2.5,2.8,3.2,2.5,2.75,3.2,2.5,2.8,3,2.4,2.75,3,2.38,3,3.2,2.55,2.81,3.07,2.48,3.1,3.4,2.6,2.1,1.7,2.1,1.73,2.07,1.69,2.26,1.76,0.25,1.73,2.08,1.75,2.1,1.7,2.06,1.81,2.21
F2,21/08/2026,19:00,Dunkerque,Montpellier,0,1,A,0,0,D,,0.65,1.13,12,11,3,5,17,19,5,7,3,2,0,0,2.25,3.25,2.8,2.25,3.5,2.75,2.5,3.3,2.63,2.35,3.4,2.8,2.25,3.5,2.75,2.2,3.4,2.7,2.5,3.5,2.9,2.32,3.37,2.79,2.44,3.6,3.05,1.73,2.08,1.85,2.08,1.75,1.98,1.85,2.12,-0.25,2.03,1.78,2.13,1.8,2.05,1.71,2.1,1.87,2.15,3.4,2.88,2.2,3.5,2.88,2.5,3.3,2.63,2.3,3.4,2.85,2.1,3.4,3,2.1,3.3,2.9,2.5,3.6,3.1,2.24,3.43,2.87,2.3,3.8,3.3,1.67,2.15,1.85,2.2,1.7,2.06,1.8,2.22,-0.25,1.93,1.88,2.13,1.88,2.01,1.75,1.99,1.98
F2,21/08/2026,19:00,Pau FC,Nancy,0,1,A,0,0,D,,0.69,1.21,15,8,1,3,16,18,5,4,3,2,0,0,2.35,3,2.88,2.3,3.25,2.88,2.38,3.3,2.9,2.4,3.2,2.87,2.25,3.3,2.88,2.2,3.1,2.8,2.4,3.3,3,2.33,3.2,2.92,2.52,3.3,3.15,2.08,1.73,2.08,1.8,2,1.74,2.16,1.82,-0.25,2.05,1.75,2.05,1.77,2,1.74,2.14,1.82,2.55,3,2.63,2.4,3.2,2.75,2.55,3.25,2.7,2.55,3.1,2.7,2.45,3.1,2.7,2.45,3,2.7,2.6,3.25,2.75,2.51,3.14,2.71,2.7,3.35,2.96,2.05,1.75,2.1,1.75,2.02,1.72,2.18,1.82,0,1.85,1.95,1.85,1.95,1.81,1.92,1.9,2.08
F2,21/08/2026,19:00,Sochaux,Guingamp,1,0,H,1,0,H,,1.69,2.62,8,18,3,6,21,11,2,8,1,5,0,0,2.6,3.2,2.45,2.75,3.25,2.38,2.75,3.3,2.45,2.8,3.3,2.4,2.8,3.3,2.3,2.7,3.1,2.3,2.8,3.3,2.5,2.76,3.23,2.41,2.98,3.3,2.62,1.98,1.83,2,1.83,1.96,1.77,2.06,1.87,0,2,1.8,2,1.8,1.97,1.76,2.1,1.84,2.55,3.1,2.5,2.6,3.25,2.5,2.7,3.25,2.55,2.7,3.25,2.5,2.63,3.1,2.5,2.6,3,2.45,2.7,3.25,2.63,2.65,3.18,2.53,2.9,3.4,2.7,2.05,1.75,2.05,1.8,1.99,1.75,2.12,1.85,0,1.95,1.85,1.95,1.85,1.89,1.83,2.05,1.91
F2,22/08/2026,13:00,Metz,Laval,1,1,D,0,0,D,,0.95,1.55,17,11,7,3,14,16,4,7,2,3,1,0,1.8,3.25,4,1.8,3.4,4.2,1.8,3.5,4.2,1.82,3.5,4.2,1.75,3.5,4,1.75,3.4,3.9,1.85,3.6,4.2,1.8,3.43,4.14,1.8,3.4,4.3,2.08,1.73,2.08,1.83,1.96,1.76,1.85,1.72,-0.5,1.85,1.95,1.85,2,1.79,1.93,1.8,2.02,1.7,3.3,4.5,1.73,3.5,4.33,1.75,3.6,4.6,1.77,3.6,4.4,1.73,3.3,4.4,1.73,3.25,4.2,1.83,3.6,4.6,1.76,3.47,4.4,1.86,3.7,5,2,1.8,2,1.8,1.97,1.77,2.1,1.89,-0.5,1.75,2.05,1.8,2.05,1.73,1.98,1.86,2.13
F2,22/08/2026,13:00,Nantes,Rodez,2,5,A,2,1,H,,1.8,1.16,14,16,6,5,14,18,4,6,2,3,0,0,1.67,3.5,4.2,1.7,3.75,4.33,1.7,3.7,4.4,1.72,3.8,4.33,1.67,3.8,4.33,1.67,3.6,4.2,1.73,3.8,4.5,1.7,3.71,4.33,,,,1.83,1.98,1.83,1.98,1.79,1.93,,,-0.75,1.95,1.85,1.95,1.85,1.91,1.81,,,1.75,3.5,3.8,1.8,3.6,4,1.75,3.75,4.33,1.83,3.6,4,1.75,3.6,3.8,1.75,3.5,3.75,1.85,3.8,4.33,1.79,3.63,3.96,1.88,3.9,4.4,1.75,2.05,1.8,2.05,1.76,1.97,1.85,2.12,-0.5,1.78,2.03,1.83,2.03,1.76,1.96,1.88,2.08
F2,22/08/2026,19:00,St Etienne,Grenoble,4,0,H,3,0,H,,2.18,0.05,18,2,10,0,14,19,6,2,1,3,0,0,1.4,4.1,6.5,1.36,4.5,7,1.4,4.4,7,1.42,4.6,6.75,1.33,4.5,7,1.36,4.33,6.25,1.45,4.75,7.4,1.39,4.48,6.82,1.35,4.5,6.8,1.73,2.08,1.73,2.2,1.65,2.13,1.68,1.93,-1.25,1.98,1.83,1.98,1.9,1.9,1.83,1.78,1.88,1.29,4.75,8.5,1.33,4.5,8.5,1.33,4.8,9,1.35,4.8,8.25,1.25,4.5,9,1.29,4.5,8,1.38,5,10,1.32,4.74,8.67,1.36,5.4,11,1.73,2.08,1.75,2.1,1.72,2.02,1.84,2.14,-1.5,1.98,1.83,1.98,1.83,1.96,1.76,2.09,1.87
F2,24/08/2026,19:45,Reims,Annecy,3,1,H,0,1,A,,2.77,0.9,20,8,10,2,5,13,4,3,0,0,0,0,1.75,3.5,4,1.8,3.5,4.2,1.8,3.5,4.2,1.8,3.6,4.2,1.73,3.6,4.2,1.67,3.3,3.9,1.8,4,4.2,1.77,3.59,4.09,1.31,1.45,1.11,1.93,1.88,1.93,1.88,1.87,1.84,,,-0.5,1.8,2,1.8,2,1.75,1.97,,,1.85,3.25,3.75,1.83,3.4,4,1.9,3.4,4,1.9,3.4,4,1.85,3.3,3.8,1.83,3.2,3.75,1.91,3.4,4.2,1.87,3.35,3.94,2.02,3.65,4.3,2.08,1.73,2.08,1.8,2,1.74,2.16,1.84,-0.5,1.9,1.9,1.9,1.9,1.84,1.86,2.02,1.95
G1,22/08/2026,18:00,AEK,Iraklis,4,0,H,2,0,H,,2.06,0.38,24,7,11,1,19,17,5,2,1,0,0,0,1.17,6.5,13,1.18,6,13,1.15,6.5,13,1.21,6.5,12.5,1.14,6.5,14,1.14,5.5,10,1.21,6.5,15,1.17,6.26,12.77,1.22,6.6,15.5,1.53,2.4,1.53,2.63,1.48,2.49,1.55,2.54,-2,1.98,1.83,1.98,1.85,1.92,1.81,2.04,1.83,1.15,6.25,15,1.18,6,13,1.17,6.5,15,1.21,6.25,14,1.14,6,14,1.14,5.25,11,1.22,6.5,16,1.18,6,13.25,1.23,6.8,20,1.62,2.25,1.62,2.4,1.58,2.25,1.68,2.44,-1.75,1.78,2.03,1.8,2.03,1.75,1.99,1.86,2.09
G1,22/08/2026,18:00,Kalamata,Aris,2,3,A,1,1,D,,1.42,2.69,7,19,3,7,15,23,1,10,3,3,1,0,3.4,3,2.25,3.25,3.2,2.15,3.1,3.1,2.25,3.25,3.25,2.15,3.3,3.1,2.15,3,2.9,2.1,3.4,3.25,2.25,3.22,3.08,2.2,3.15,2.82,2.3,2.3,1.6,2.3,1.6,2.26,1.58,2.34,1.43,0.25,1.85,1.95,1.85,1.95,1.83,1.9,1.78,1.92,3.5,3,2.2,3.3,2.88,2.15,3.4,3.13,2.15,3.4,3.1,2.15,3.4,2.88,2.1,3.2,2.75,2.05,3.5,3.13,2.25,3.33,3,2.16,3.8,3.15,2.3,2.25,1.62,2.3,1.62,2.26,1.57,2.42,1.67,0.25,1.93,1.88,1.93,1.88,1.88,1.85,2.02,1.94
G1,22/08/2026,19:30,Olympiakos,Atromitos,1,0,H,0,0,D,,3.17,0.29,26,8,10,1,14,14,14,4,3,6,1,0,1.22,5.5,12,1.25,5,11,1.22,5.25,11.5,1.26,5.75,11,1.2,5.5,11,1.22,4.75,8.5,1.26,5.75,13,1.23,5.26,11,1.26,5.8,14.5,1.7,2.1,1.73,2.1,1.69,2.07,1.73,2.12,-1.5,1.75,2.05,1.76,2.05,1.75,1.97,1.81,2,1.19,5.75,15,1.22,5.5,12,1.18,6,15,1.23,6,12.5,1.14,5.5,14,1.14,5.25,11,1.23,6.25,15,1.2,5.73,13.08,1.23,6.8,20,1.7,2.1,1.73,2.1,1.69,2.06,1.76,2.24,-1.75,1.9,1.9,1.9,1.91,1.85,1.87,2,1.96
G1,23/08/2026,17:30,OFI Crete,Volos NFC,2,0,H,2,0,H,,1.4,0.91,9,10,2,1,16,17,5,2,1,3,0,0,2.05,3.2,3.6,2.1,3.3,3.25,2.1,3.3,3.2,2.1,3.4,3.2,2,3.4,3.2,1.95,3.2,3,2.1,3.4,3.6,2.07,3.29,3.26,1.04,1.04,1.04,1.85,1.95,1.85,1.95,1.83,1.89,1.28,1.24,-0.25,1.83,1.98,1.83,1.98,1.79,1.94,1.04,1.01,2.57,2.82,3,2.5,3.1,2.75,2.5,3.2,2.75,2.6,3.1,2.65,2.4,3.1,2.7,2.38,2.9,2.6,2.6,3.2,3,2.5,3.04,2.74,1.04,1.04,1.04,2.15,1.67,2.15,1.8,2.06,1.69,1.28,1.24,0,1.78,2.03,1.8,2.03,1.77,1.96,,
G1,23/08/2026,19:00,PAOK,Levadeiakos,4,0,H,2,0,H,,2.16,0.57,13,8,5,1,21,13,3,1,0,0,0,0,1.33,4.5,9,1.33,4.5,8,1.36,4.5,7.5,1.38,4.8,7.25,1.33,4.5,8,1.33,4.2,6.5,1.38,4.8,9,1.35,4.56,7.64,1.43,4.8,7.2,1.67,2.15,1.67,2.2,1.64,2.15,1.69,2.18,-1.25,1.83,1.98,1.83,1.98,1.8,1.93,1.95,1.92,1.33,4.5,9.5,1.36,4.33,8,1.33,4.8,8.5,1.39,4.75,7.5,1.25,4.75,8.5,1.3,4.2,6.5,1.4,4.8,9.5,1.34,4.58,8.04,1.38,5.3,10,1.8,2,1.8,2.1,1.73,2.01,1.84,2.16,-1.25,1.83,1.98,1.84,1.98,1.8,1.93,1.89,2.05
G1,23/08/2026,19:30,Panetolikos,Asteras Tripolis,3,1,H,1,0,H,,0.5,1.18,4,14,4,6,19,14,1,3,0,0,0,0,2.7,3,2.7,2.63,3,2.63,2.63,3,2.63,2.65,3.1,2.65,2.63,3.1,2.63,2.5,2.9,2.5,2.71,3.1,2.7,2.65,2.98,2.63,2.8,2.96,2.7,2.35,1.57,2.4,1.57,2.37,1.53,2.46,1.53,0,1.9,1.9,1.9,1.9,1.86,1.85,1.94,1.86,2.85,3,2.57,2.75,3,2.5,2.9,3,2.5,2.85,3.1,2.5,2.88,2.88,2.45,2.7,2.7,2.38,2.9,3.1,2.57,2.84,2.96,2.5,3.1,3.1,2.72,2.5,1.5,2.5,1.57,2.4,1.52,2.58,1.61,0,2.03,1.78,2.03,1.78,1.98,1.75,2.14,1.85
I1,22/08/2026,17:30,Inter,Monza,4,1,H,1,1,D,,1.05,1.23,13,7,5,3,5,14,3,3,2,2,0,0,1.2,7,13,1.2,6.5,15,1.18,7,15,1.22,6.75,12.5,1.18,6.5,14,1.2,6.5,13,1.22,7,15,1.19,6.66,13.73,1.22,7.6,17,1.62,2.3,1.62,2.38,1.58,2.3,1.67,2.46,-2,2.03,1.78,2.05,1.78,2.01,1.74,2.12,1.85,1.14,8.5,17,1.17,7.5,17,1.12,8.5,21,1.17,8,15.5,1.14,7.5,16,1.14,8,17,1.17,8.5,21,1.15,7.82,17.22,1.18,9,21,1.5,2.63,1.5,2.7,1.48,2.55,1.54,2.8,-2,1.73,2.08,1.75,2.08,1.71,2.05,1.85,2.12
I1,22/08/2026,17:30,Udinese,Como,1,1,D,1,0,H,,2.14,1.51,17,20,3,6,13,11,1,10,3,0,0,0,4.5,3.6,1.83,4.5,3.5,1.83,4.6,3.5,1.8,4.5,3.4,1.85,4.5,3.4,1.8,4.5,3.4,1.8,4.6,3.6,1.85,4.5,3.48,1.81,5,3.7,1.87,2.2,1.67,2.2,1.7,2.13,1.68,2.22,1.77,0.5,2.03,1.83,2.03,1.83,1.97,1.77,2.11,1.89,5.25,3.7,1.7,5,3.6,1.73,5,3.7,1.7,5,3.6,1.73,5,3.4,1.73,5,3.5,1.73,5.33,3.7,1.75,5,3.59,1.72,5.5,3.7,1.81,2.03,1.83,2.05,1.83,2,1.77,2.14,1.86,0.75,1.93,1.93,1.93,1.93,1.87,1.88,1.95,2.02
I1,22/08/2026,19:45,Genoa,Napoli,0,2,A,0,0,D,,0.67,0.77,11,13,2,4,10,8,5,5,2,1,0,0,4.5,3.4,1.9,4.33,3.4,1.9,4.5,3.3,1.85,4.5,3.3,1.87,4.75,3.2,1.85,4.6,3.2,1.85,4.75,3.4,1.91,4.51,3.28,1.87,4.9,3.45,1.95,2.3,1.62,2.3,1.65,2.25,1.6,2.44,1.67,0.5,1.98,1.88,1.98,1.88,1.91,1.82,2.04,1.94,4,3.1,2.05,4,3.2,2.05,3.9,3.2,2.05,3.8,3,2.15,4,2.88,2.05,4,3,2.05,4.33,3.2,2.15,3.94,3.06,2.07,4.4,3.15,2.18,2.63,1.5,2.63,1.53,2.48,1.51,2.64,1.59,0.5,1.78,2.1,1.78,2.1,1.72,2.03,1.84,2.18
I1,22/08/2026,19:45,Parma,Cagliari,0,1,A,0,0,D,,0.75,0.94,13,14,2,5,6,20,3,2,0,2,0,0,2.5,3,3.1,2.5,3.1,3,2.5,3.1,3,2.45,2.95,3,2.5,2.9,3,2.5,2.9,3,2.55,3.1,3.1,2.5,3,3.01,2.7,3.1,3.25,2.5,1.53,2.5,1.58,2.41,1.54,2.6,1.61,0,1.78,2.1,1.78,2.1,1.72,2.05,1.82,2.2,2.9,2.88,2.7,2.8,2.88,2.8,2.9,2.9,2.7,2.9,2.75,2.75,2.88,2.8,2.7,2.88,2.88,2.7,2.9,2.9,2.85,2.86,2.86,2.74,3.05,3,2.88,3,1.4,3,1.5,2.71,1.44,2.94,1.5,0,2,1.85,2,1.85,1.91,1.82,2.04,1.93
I1,23/08/2026,17:30,Frosinone,Juventus,0,1,A,0,1,A,,0.41,2.18,11,20,2,5,15,18,3,12,2,2,0,0,8,4.2,1.45,7,4.5,1.44,7.5,4.4,1.4,7,4.5,1.44,7,4.4,1.4,7,4.33,1.44,8.6,4.5,1.47,7.2,4.39,1.43,7.8,4.9,1.49,1.83,2.03,1.83,2.03,1.76,2,1.87,2.06,1.25,1.8,2.05,1.8,2.05,1.77,1.97,1.86,2.08,6.25,4.75,1.45,7,5,1.4,6.5,4.75,1.44,6.5,4.75,1.44,7,4.5,1.36,7,5,1.4,7.4,5,1.45,6.67,4.69,1.43,8,4.9,1.48,1.57,2.38,1.6,2.45,1.57,2.33,1.65,2.5,1.25,1.85,2,1.9,2,1.83,1.91,1.95,2.01
I1,23/08/2026,17:30,Venezia,Lecce,0,2,A,0,0,D,,2.05,2.7,19,12,7,5,8,12,5,3,1,3,0,0,2.25,3.1,3.6,2.25,3.2,3.4,2.2,3.2,3.3,2.25,3.2,3.3,2.2,3,3.4,2.25,3,3.4,2.3,3.2,3.6,2.23,3.13,3.38,2.32,3.25,3.7,2.3,1.62,2.3,1.65,2.21,1.63,2.34,1.7,-0.25,1.9,1.95,1.9,1.95,1.86,1.89,1.97,2,1.8,3.5,4.5,1.83,3.6,4.33,1.75,3.5,5,1.82,3.6,4.33,1.8,3.3,4.5,1.8,3.5,4.5,1.83,3.6,5,1.79,3.51,4.54,1.89,3.65,5,1.91,1.91,2,2,1.93,1.82,2.06,1.94,-0.5,1.75,2.05,1.8,2.05,1.74,2,1.88,2.12
I1,23/08/2026,19:45,Atalanta,Sassuolo,2,1,H,1,0,H,,0.89,2.71,14,22,7,8,9,10,4,4,0,0,0,0,1.53,4.1,6.5,1.5,4.33,6.5,1.5,4.2,6,1.51,4.5,5.75,1.5,4,5.5,1.53,4,5.75,1.54,4.5,6.5,1.51,4.23,5.94,1.58,4.4,6.6,1.67,2.2,1.67,2.2,1.66,2.15,1.74,2.26,-1,1.88,1.98,1.88,1.98,1.83,1.91,1.98,1.98,1.55,4.2,5.75,1.53,4.33,6,1.53,4.33,5.75,1.51,4.5,6,1.44,4.33,6,1.44,4.5,6,1.55,4.5,6,1.51,4.34,5.88,1.58,4.6,6.6,1.67,2.2,1.67,2.25,1.64,2.2,1.71,2.34,-1,1.9,1.95,1.9,1.95,1.83,1.91,1.86,2.12
I1,23/08/2026,19:45,Torino,Milan,1,2,A,0,0,D,,1.29,2.15,8,19,1,4,10,9,2,4,0,1,0,0,4.75,3.6,1.75,4.5,3.75,1.8,4.4,3.6,1.75,4.4,3.6,1.8,4.5,3.5,1.75,4.5,3.5,1.75,4.75,3.75,1.8,4.49,3.59,1.76,4.9,3.85,1.84,1.93,1.93,2.4,1.93,1.92,1.83,1.99,1.96,0.75,1.85,2,1.85,2,1.79,1.96,1.88,2.09,4.33,3.4,1.85,4.2,3.5,1.9,4.6,3.25,1.87,4.5,3.3,1.87,4.4,3.3,1.83,4.4,3.5,1.83,4.6,3.5,1.91,4.39,3.35,1.87,4.7,3.55,1.95,2.2,1.67,2.25,1.73,2.17,1.66,2.32,1.75,0.5,1.98,1.88,1.98,1.88,1.91,1.81,2.04,1.95
I1,24/08/2026,17:30,Bologna,Lazio,0,1,A,0,0,D,,1.78,0.63,14,10,5,3,18,19,8,6,4,4,0,0,2.2,3.2,3.5,2.25,3.3,3.3,2.15,3.2,3.4,2.2,3.2,3.4,2.2,3.25,3.25,2.2,3.25,3.25,2.26,3.3,3.5,2.2,3.21,3.35,2.28,3.3,3.7,2.2,1.67,2.2,1.7,2.17,1.65,2.26,1.71,-0.25,1.88,1.98,1.9,1.98,1.85,1.89,1.94,2.01,2.6,3,3,2.4,3.2,3.1,2.5,3.2,2.9,2.45,2.9,3.2,2.45,2.88,3.1,2.45,3,3.1,2.6,3.2,3.25,2.46,3.03,3.07,2.64,3.05,3.35,2.38,1.57,2.38,1.6,2.33,1.57,2.52,1.65,-0.25,2.15,1.68,2.15,1.78,2.05,1.71,2.21,1.82
I1,24/08/2026,19:45,Roma,Fiorentina,4,0,H,1,0,H,,2.83,0.28,17,9,8,4,15,11,2,3,2,2,0,0,1.57,4.1,5.75,1.57,4,6,1.55,3.9,5.75,1.58,4,5.75,1.57,4,5.5,1.57,3.9,5.75,1.58,4.1,6.4,1.57,3.95,5.76,1.65,4.2,6,1.88,1.98,1.88,1.98,1.85,1.89,1.95,1.98,-1,2,1.85,2,1.85,1.94,1.79,,,1.73,3.75,4.75,1.73,3.8,4.6,1.7,3.8,4.8,1.72,3.75,4.8,1.7,3.6,5,1.7,3.75,5,1.73,3.8,5.2,1.71,3.73,4.81,1.8,3.85,5.3,1.91,1.91,1.93,1.93,1.88,1.87,2.02,1.96,-0.75,1.98,1.88,1.98,1.9,1.89,1.85,2.02,1.94
I2,21/08/2026,19:30,Vicenza,Catanzaro,3,2,H,1,1,D,,1.84,1.77,23,13,9,6,15,16,10,6,2,3,0,0,2.57,3,2.82,2.5,3.1,2.75,2.45,3.13,2.75,2.6,3.1,2.7,2.4,2.9,2.88,2.38,2.88,2.8,2.6,3.2,2.9,2.49,3.08,2.79,2.64,3.2,3.1,2.08,1.73,2.2,1.73,2.08,1.68,2.18,1.8,0,1.8,2,1.8,2,1.77,1.95,1.83,2.17,2.25,3.1,3.25,2.25,3.1,3.1,2.25,3.2,3,2.3,3.2,3.1,2.2,2.9,3.2,2.2,2.9,3.1,2.3,3.2,3.25,2.25,3.09,3.16,2.42,3.25,3.55,2.05,1.75,2.2,1.75,2.05,1.7,2.18,1.83,-0.25,1.98,1.83,1.98,1.83,1.93,1.8,2.04,1.94
I2,22/08/2026,18:00,Carrarese,Mantova,1,2,A,0,1,A,,0.86,1.17,10,12,2,4,19,17,2,3,1,1,0,0,2.25,3.25,3.1,2.3,3.2,2.88,2.3,3.2,2.88,2.35,3.2,3,2.2,3,3.25,2.15,2.9,3.1,2.38,3.25,3.25,2.29,3.16,3.01,2.48,3.2,3.15,2,1.8,2,1.8,1.95,1.77,2.06,1.82,-0.25,2,1.8,2,1.8,1.97,1.76,2.1,1.81,3.1,3.2,2.3,2.88,3.1,2.38,2.88,3.13,2.38,2.95,3.1,2.4,3,2.88,2.3,2.9,2.88,2.3,3.1,3.2,2.42,2.96,3.07,2.37,3.25,3.2,2.56,2.1,1.7,2.1,1.85,1.99,1.75,2.16,1.82,0.25,1.8,2,1.8,2.05,1.73,2.01,1.83,2.17
I2,22/08/2026,18:00,Sudtirol,Virtus Entella,1,0,H,0,0,D,,0.97,0.56,8,15,2,3,15,18,1,5,3,1,1,0,2.01,3.1,3.9,2.05,3.1,3.6,2,3,3.8,2.1,3,3.75,2,3,3.8,2,2.9,3.6,2.1,3.2,4,2.04,3.03,3.77,2.16,3.05,4.1,2.6,1.48,2.6,1.53,2.49,1.49,2.58,1.49,-0.25,1.75,2.05,1.8,2.05,1.73,2.01,1.85,2.12,2.1,3.1,3.5,2.1,3,3.5,2.1,3,3.5,2.15,3,3.6,2.1,2.8,3.75,2.1,2.75,3.6,2.16,3.1,3.8,2.12,2.98,3.6,2.3,3.05,4.1,2.4,1.53,2.55,1.54,2.44,1.5,2.74,1.56,-0.25,1.8,2,1.8,2,1.78,1.95,1.92,2.06
I2,22/08/2026,20:00,Avellino,Arezzo,1,2,A,1,0,H,,0.69,1.51,11,16,3,3,11,16,4,2,2,2,0,0,2.15,3.25,3.25,2.15,3.2,3.2,2.15,3.13,3.25,2.2,3.2,3.25,2.1,3.2,3.3,2.05,3.1,3.2,2.2,3.25,3.3,2.16,3.18,3.25,2.2,2.84,3.55,2.2,1.65,2.2,1.67,2.17,1.63,2.2,1.66,-0.25,1.88,1.93,1.9,1.93,1.86,1.87,,,2.05,3.3,3.4,2.1,3.1,3.4,2.1,3.13,3.4,2.2,3.1,3.4,2.05,2.88,3.5,2.05,2.88,3.4,2.2,3.3,3.5,2.11,3.09,3.45,2.2,3.2,4,2.25,1.62,2.25,1.67,2.18,1.62,2.34,1.73,-0.25,1.83,1.98,1.83,1.98,1.79,1.94,,
I2,22/08/2026,20:00,Benevento,Modena,1,2,A,1,0,H,,1,1.44,16,13,3,4,11,11,8,4,1,2,0,0,2.25,3.25,3.1,2.25,3.25,3,2.25,3.25,2.9,2.4,3.25,2.87,2.25,3.1,3,2.25,3,2.88,2.4,3.35,3.1,2.28,3.22,2.97,2.52,3.3,3.15,2,1.8,2,1.83,1.94,1.79,2,1.85,-0.25,2.03,1.78,2.03,1.8,1.96,1.77,2.14,1.84,2.35,3.25,2.85,2.38,3.1,2.88,2.3,3.2,2.88,2.45,3.25,2.75,2.3,3,2.88,2.3,2.9,2.8,2.45,3.25,3,2.37,3.17,2.86,2.56,3.3,3.15,2,1.8,2,1.83,1.93,1.79,2.04,1.91,-0.25,2.03,1.78,2.03,1.78,1.99,1.75,2.18,1.82
I2,22/08/2026,20:00,Empoli,Cremonese,1,0,H,1,0,H,,1.04,0.82,10,15,5,2,17,11,2,5,1,3,1,0,2.7,3.2,2.55,2.63,3,2.63,2.63,3.2,2.5,2.8,3.1,2.5,2.8,2.88,2.5,2.75,2.8,2.5,2.8,3.2,2.7,2.71,3.04,2.58,2.98,3.15,2.74,2.08,1.73,2.1,1.75,2.04,1.71,2.1,1.76,0,1.98,1.83,1.98,1.85,1.9,1.81,2.06,1.88,3.2,3.2,2.25,3,3.1,2.3,3,3.13,2.25,3.1,3.1,2.3,3.25,2.88,2.2,3.2,2.8,2.2,3.33,3.2,2.38,3.13,3.06,2.28,3.6,3.15,2.42,2.1,1.7,2.1,1.73,2.07,1.69,2.22,1.79,0.25,1.83,1.98,1.83,1.98,1.8,1.93,1.94,2.03
I2,23/08/2026,18:00,Pisa,Padova,0,1,A,0,0,D,,1.64,1.09,22,11,7,2,7,18,4,6,1,2,0,0,1.66,3.5,5.25,1.73,3.4,4.5,1.73,3.4,4.6,1.75,3.5,4.75,1.7,3.2,5,1.67,3.1,4.8,1.76,3.5,5.25,1.73,3.39,4.72,1.8,3.45,5.2,2.15,1.67,2.15,1.7,2.12,1.66,2.2,1.73,-0.75,1.98,1.83,2,1.83,1.96,1.78,2.04,1.82,1.71,3.5,4.75,1.73,3.4,4.5,1.73,3.4,4.5,1.75,3.5,4.6,1.73,3.25,4.5,1.73,3.2,4.33,1.78,3.5,4.75,1.74,3.39,4.59,1.87,3.6,5.1,2.08,1.73,2.1,1.73,2.04,1.71,2.2,1.8,-0.5,1.78,2.03,1.78,2.03,1.72,2,1.87,2.12
I2,23/08/2026,18:00,Verona,Ascoli,1,2,A,1,0,H,,3.07,1.26,24,10,7,3,14,16,5,4,2,3,0,0,1.61,3.6,5.5,1.62,3.75,5,1.6,3.7,5,1.6,3.8,5.5,1.5,3.5,6.5,1.5,3.4,6,1.65,3.8,6.5,1.6,3.65,5.39,1.63,3.7,5.5,1.95,1.85,1.95,1.88,1.87,1.83,1.89,1.74,-0.75,1.83,1.98,1.83,1.98,1.79,1.94,1.77,1.94,1.76,3.4,4.75,1.73,3.5,4.5,1.73,3.5,4.4,1.75,3.5,4.5,1.67,3.3,5,1.67,3.2,4.8,1.78,3.5,5.5,1.72,3.41,4.75,1.84,3.7,5.3,2,1.8,2,1.91,1.93,1.8,2.06,1.9,-0.5,1.78,2.03,1.78,2.12,1.7,2.03,1.84,2.17
I2,23/08/2026,20:00,Cesena,Sampdoria,1,1,D,1,0,H,,1.25,1.08,7,21,2,9,18,8,0,12,3,1,1,0,2.35,3.25,2.85,2.4,3.2,2.75,2.38,3.2,2.75,2.45,3.25,2.8,2.3,3,2.9,2.3,2.9,2.88,2.48,3.25,2.9,2.39,3.15,2.82,2.74,3.15,3,2.05,1.75,2.05,1.8,1.98,1.75,2.12,1.78,0,1.78,2.03,1.78,2.03,1.74,2,1.86,2.08,2.45,3.2,2.75,2.5,3.1,2.75,2.4,3.2,2.75,2.5,3.2,2.7,2.5,2.9,2.7,2.45,2.9,2.7,2.62,3.3,2.8,2.51,3.13,2.73,2.74,3.15,3.05,2.05,1.75,2.05,1.8,1.98,1.75,2.16,1.83,0,1.78,2.03,1.8,2.03,1.76,1.97,1.89,2.11
I2,23/08/2026,20:00,Palermo,Juve Stabia,1,0,H,1,0,H,,1.17,1.03,16,13,5,4,21,11,6,6,4,1,0,0,1.62,3.5,5.5,1.62,3.6,5,1.62,3.6,5,1.66,3.6,5,1.5,3.6,6.5,1.5,3.5,6.25,1.67,3.7,6.5,1.62,3.59,5.31,1.68,3.55,6.4,2.05,1.75,2.05,1.8,1.98,1.75,2.06,1.79,-0.75,1.85,1.95,1.85,1.95,1.81,1.91,1.88,2.02,1.46,3.9,7,1.44,4,6.5,1.45,4,6.5,1.5,4.1,6.25,1.4,4.2,6.5,1.4,3.9,6.25,1.5,4.2,7.1,1.46,4.04,6.58,1.49,4.7,7.8,1.9,1.9,1.95,1.91,1.88,1.84,1.96,1.99,-1,1.83,1.98,1.83,1.98,1.79,1.93,1.87,2.11
N1,22/08/2026,15:30,For Sittard,AZ Alkmaar,0,2,A,0,0,D,,0.44,4.35,4,26,2,11,9,11,1,15,0,1,1,0,5.25,4.2,1.6,4.6,4.2,1.57,5,4.33,1.57,4.8,4.33,1.61,4.5,4.2,1.53,4.33,4,1.53,5.25,4.5,1.61,4.75,4.28,1.59,5.4,4.5,1.65,1.48,2.6,1.5,2.75,1.45,2.6,1.53,2.74,1,1.85,1.95,1.85,1.95,1.81,1.93,1.89,2.02,5.5,4.33,1.57,4.6,4.2,1.57,5.25,4.6,1.55,5,4.33,1.6,5,4,1.5,4.6,3.9,1.53,5.5,4.6,1.6,4.97,4.31,1.57,5.6,4.5,1.64,1.44,2.7,1.5,2.8,1.44,2.66,1.51,2.88,1,1.9,1.9,1.9,1.98,1.84,1.89,1.95,2.02
N1,22/08/2026,17:45,Sparta Rotterdam,Utrecht,3,3,D,1,1,D,,1.73,1.93,14,16,5,4,10,13,5,7,0,0,0,0,2.63,3.4,2.63,2.5,3.4,2.5,2.55,3.5,2.55,2.6,3.6,2.55,2.5,3.5,2.5,2.45,3.4,2.45,2.63,3.6,2.63,2.54,3.47,2.55,2.68,3.65,2.72,1.7,2.1,1.73,2.1,1.69,2.07,1.78,2.18,0,1.9,1.9,1.9,1.9,1.86,1.87,1.96,1.99,2.45,3.4,2.8,2.5,3.4,2.5,2.55,3.6,2.63,2.55,3.4,2.65,2.45,3.3,2.5,2.45,3.2,2.5,2.6,3.6,2.8,2.52,3.43,2.62,2.7,3.65,2.76,1.7,2.1,1.73,2.1,1.69,2.07,1.77,2.26,0,1.8,2,1.9,2,1.83,1.9,1.97,2.01
N1,22/08/2026,20:00,Heerenveen,Zwolle,0,2,A,0,0,D,,0.85,1.55,18,20,5,7,6,13,5,3,1,2,0,0,1.6,4.2,5.25,1.53,4.33,5,1.55,4.4,5,1.6,4.33,5,1.5,4.5,4.75,1.5,4.2,4.6,1.6,4.5,5.25,1.56,4.37,4.92,1.63,4.7,5.2,1.44,2.7,1.48,2.75,1.42,2.7,1.43,2.64,-1,1.93,1.88,1.93,1.9,1.89,1.85,1.99,1.92,1.48,4.75,6,1.44,4.5,5.5,1.45,5,6,1.5,4.75,5.75,1.44,4.33,5.5,1.44,4.2,5.25,1.5,5,6,1.47,4.65,5.7,1.52,4.9,6.6,1.44,2.7,1.45,2.88,1.42,2.72,1.48,3,-1.25,1.98,1.83,2,1.83,1.95,1.79,2.05,1.89
N1,23/08/2026,11:15,Go Ahead Eagles,Den Haag,3,1,H,1,0,H,,0.85,0.84,11,16,5,3,10,13,5,3,1,2,0,0,1.73,3.8,4.75,1.7,4,4,1.7,4.1,4.2,1.75,4,4.2,1.7,4,4,1.67,3.75,3.75,1.75,4.1,4.75,1.71,3.98,4.16,1.74,4.3,4.7,1.53,2.4,1.58,2.5,1.52,2.41,1.56,2.56,-0.75,1.93,1.88,1.93,1.9,1.88,1.86,1.93,1.99,1.67,4.1,4.75,1.67,4,4.33,1.65,4.2,4.75,1.7,4.1,4.4,1.62,3.8,4.2,1.62,3.75,4,1.7,4.2,4.75,1.67,4.08,4.44,1.73,4.4,4.9,1.44,2.7,1.48,2.9,1.42,2.72,1.48,3,-0.75,1.83,1.98,1.85,1.98,1.79,1.95,1.91,2.06
N1,23/08/2026,13:30,PSV Eindhoven,Groningen,5,1,H,3,1,H,,4.41,1.08,24,7,12,4,10,4,9,4,1,1,0,0,1.36,5,8.5,1.3,5.5,7.5,1.3,5.75,8,1.38,5.5,6.75,1.29,5.5,7,1.29,5,6.5,1.38,5.75,8.5,1.33,5.41,7.24,1.37,5.8,8.2,1.33,3.4,1.34,3.4,1.31,3.25,1.3,3.45,-1.5,1.85,1.95,1.9,1.95,1.84,1.87,,,1.3,5.75,9,1.25,6,8.5,1.25,7,9.5,1.3,6.25,8,1.2,5.5,8.5,1.22,5.5,8,1.3,7,9.5,1.27,6.22,8.42,1.3,6.8,10.5,1.25,4,1.27,4.33,1.23,3.87,1.28,4.4,-1.75,1.9,1.9,1.9,1.95,1.83,1.9,1.94,2.03
N1,23/08/2026,15:45,Cambuur,Feyenoord,2,5,A,0,4,A,,1.07,2.57,11,14,4,7,14,13,3,3,0,1,0,0,11,5.75,1.27,9.5,5.5,1.25,10,6,1.25,9.5,6,1.29,9.5,6,1.2,8.5,5.5,1.22,11,6,1.29,9.37,5.82,1.26,10.5,6,1.32,1.4,2.88,1.42,2.88,1.4,2.75,1.38,2.9,1.5,2.05,1.75,2.1,1.75,2.03,1.72,,,12,6.5,1.22,10,6.5,1.2,13,7,1.2,10,6.75,1.24,10,6,1.17,9.5,6,1.17,13,7,1.25,10.66,6.69,1.22,14,7.4,1.25,1.3,3.5,1.33,3.5,1.3,3.32,1.36,3.65,2,1.85,1.95,1.85,2,1.81,1.92,1.94,2.02
P1,22/08/2026,15:30,Maritimo,Academico Viseu,2,2,D,0,2,A,,1.28,1.84,11,13,4,7,15,16,4,5,2,6,0,0,1.96,3.25,3.9,2,3.25,3.6,2,3.2,3.6,2.05,3.3,3.6,2,3.3,3.8,1.95,3.25,3.6,2.05,3.4,3.9,2,3.28,3.65,2.08,3.4,4.1,2.15,1.67,2.15,1.7,2.11,1.66,2.22,1.75,-0.5,2.05,1.8,2.05,1.8,1.97,1.77,2.08,1.85,1.96,3.25,3.9,1.95,3.2,3.75,2,3.13,3.6,2.05,3.2,3.7,2,3.1,3.8,2,3.25,3.8,2.05,3.3,3.9,2.01,3.21,3.77,2.12,3.3,4.3,2.25,1.62,2.3,1.64,2.22,1.6,2.44,1.68,-0.5,2.05,1.8,2.05,1.8,1.97,1.77,2.12,1.86
P1,22/08/2026,18:00,Estoril,Rio Ave,0,2,A,0,1,A,,1.16,0.71,18,3,6,3,11,14,6,3,1,1,0,0,1.86,3.5,4,1.9,3.6,3.6,1.87,3.5,3.6,1.95,3.5,3.6,1.91,3.75,3.75,1.91,3.6,3.6,1.95,3.75,4,1.9,3.57,3.72,2,3.75,4.2,1.8,2,1.8,2,1.77,1.97,1.87,2.06,-0.5,1.93,1.93,1.93,1.93,1.88,1.84,2,1.98,1.91,3.4,3.9,1.95,3.4,3.5,1.95,3.4,3.5,1.95,3.5,3.6,1.91,3.5,3.7,1.91,3.7,3.6,2.02,3.7,3.9,1.95,3.46,3.62,2.06,3.7,4,1.9,1.95,1.91,1.95,1.84,1.89,1.94,2.04,-0.5,2,1.85,2,1.85,1.93,1.8,2.06,1.92
P1,22/08/2026,20:30,Sp Lisbon,Alverca,3,1,H,1,0,H,,2.12,0.41,15,10,7,3,13,17,3,4,1,3,0,0,1.19,6,12,1.2,6,11,1.18,6,11.5,1.24,6.25,10.5,1.2,6.5,13,1.2,6,10.5,1.24,7,13,1.2,6.25,11.23,1.22,7.2,14.5,1.48,2.6,1.48,2.88,1.43,2.67,1.44,2.4,-1.75,1.83,2.03,1.83,2.03,1.78,1.96,1.72,2.02,1.22,5.75,11,1.2,6,11,1.22,5.75,10,1.24,6.25,10.5,1.17,7,13,1.17,7.5,12,1.25,7.5,13,1.22,6.34,11.06,1.23,8,15,1.44,2.7,1.45,2.88,1.43,2.67,1.5,2.94,-1.75,1.93,1.93,1.93,1.98,1.83,1.91,1.91,2.04
P1,23/08/2026,15:30,Guimaraes,Nacional,1,0,H,1,0,H,,3.14,0.42,23,7,5,0,18,8,4,3,2,1,0,0,1.66,3.6,5,1.67,3.6,4.6,1.67,3.6,4.6,1.72,3.75,4.4,1.67,3.8,5,1.67,3.6,4.75,1.72,3.9,5,1.68,3.71,4.68,1.71,3.9,5.6,1.95,1.9,1.95,1.91,1.87,1.85,1.94,1.92,-0.75,1.93,1.93,1.93,1.93,1.87,1.87,,,1.53,3.8,6,1.6,3.75,5,1.55,3.75,5.5,1.61,3.8,5.25,1.57,3.8,5.5,1.57,4,5.5,1.63,4,6,1.59,3.86,5.4,1.65,4.1,6.4,1.85,1.95,1.85,1.95,1.84,1.88,1.96,2.02,-1,2.03,1.83,2.1,1.83,2.01,1.75,2.11,1.86
P1,23/08/2026,18:00,Santa Clara,Famalicao,1,0,H,1,0,H,,1.36,1.05,12,9,2,3,16,16,1,9,1,3,0,0,2.65,2.85,2.82,2.6,2.88,2.75,2.6,2.9,2.75,2.6,3.1,2.7,2.6,3,2.8,2.5,3,2.75,2.66,3.1,2.88,2.61,2.95,2.78,2.78,3,3.05,2.5,1.5,2.5,1.52,2.46,1.5,1.01,1.25,0,1.88,1.98,1.88,1.98,1.81,1.92,,,2.85,2.85,2.57,2.75,3,2.6,2.8,2.9,2.55,2.75,3.1,2.6,2.8,2.88,2.7,2.8,3,2.63,2.88,3.1,2.75,2.79,2.94,2.64,3.05,3,2.86,2.5,1.5,2.75,1.52,2.52,1.48,2.72,1.57,0,2.05,1.8,2.05,1.85,1.94,1.79,2.05,1.92
P1,23/08/2026,20:30,Porto,Arouca,2,0,H,0,0,D,,2.99,0.54,23,4,10,1,16,8,12,2,1,0,0,0,1.22,5.5,12,1.22,5.5,12,1.2,5.5,12,1.24,6,11.5,1.2,6,13,1.22,5.75,11,1.24,6.5,15,1.21,5.79,11.96,1.24,7.2,16,1.62,2.25,1.62,2.3,1.59,2.23,1.67,1.25,-1.75,1.98,1.88,1.98,1.93,1.87,1.86,,,1.27,5,9.5,1.25,5,10,1.29,4.8,9,1.3,5.25,9.25,1.22,6,11,1.22,6.5,10,1.3,6.5,11,1.27,5.28,9.67,1.3,6.2,12.5,1.62,2.25,1.62,2.3,1.6,2.22,1.69,2.4,-1.5,1.93,1.93,1.93,1.95,1.84,1.89,1.95,2.01
P1,24/08/2026,20:15,Gil Vicente,Casa Pia,2,0,H,2,0,H,,1.74,0.76,8,13,4,2,11,12,3,4,1,1,0,0,1.66,3.5,5.25,1.67,3.4,5,1.67,3.4,5,1.72,3.4,5,1.67,3.5,5,1.67,3.25,4.75,1.73,3.5,5.5,1.68,3.43,5.08,1.76,3.5,5.8,2.3,1.6,2.3,1.62,2.25,1.58,,,-0.75,1.95,1.9,1.95,1.9,1.89,1.85,,,1.71,3.3,5,1.73,3.3,5,1.75,3.25,4.6,1.78,3.4,4.5,1.75,3.25,5,1.75,3.4,5,1.8,3.5,5.25,1.75,3.34,4.88,1.84,3.5,5.7,2.4,1.53,2.4,1.58,2.33,1.54,2.52,1.62,-0.5,1.8,2.05,1.8,2.1,1.73,2.01,1.84,2.16
SC0,22/08/2026,17:45,Dundee United,Dundee,0,2,A,0,1,A,D Dickinson,1.24,1.68,24,14,5,4,11,11,6,6,4,3,0,0,2.15,3.4,3.2,2.2,3.4,3.25,2.15,3.4,3,2.15,3.4,3.1,2.1,3.4,3.3,2.1,3.3,3.2,2.25,3.4,3.3,2.18,3.33,3.14,2.3,3.4,3.25,1.8,2,1.83,2,1.78,1.94,1.87,2.04,-0.25,1.93,1.93,1.93,1.93,1.89,1.85,1.99,1.93,1.91,3.5,3.8,2,3.75,3.5,2.1,3.6,3.25,1.95,3.5,3.6,1.91,3.5,3.75,1.91,3.7,3.6,2.15,3.75,3.8,1.99,3.53,3.52,2.02,3.85,4,1.73,2.1,1.8,2.1,1.73,2.01,1.83,2.18,-0.5,1.95,1.9,2.15,1.9,1.98,1.76,2.02,1.96
SC1,21/08/2026,19:30,Inverness C,Partick,1,1,D,0,1,A,C Graham,,,8,9,3,6,12,15,5,3,1,2,0,0,2.38,3.4,2.45,2.4,3.4,2.6,2.45,3.4,2.55,2.37,3.25,2.5,2.4,3.4,2.6,2.38,3.3,2.5,2.5,3.45,2.65,2.42,3.38,2.54,2.72,3.45,2.76,1.73,2.08,1.77,2.08,1.73,2,1.89,2.1,0,1.85,1.95,1.85,1.95,1.83,1.88,1.92,1.95,2.45,3.4,2.45,2.5,3.4,2.5,2.6,3.4,2.45,2.45,3.25,2.4,2.63,3.1,2.5,2.5,3.1,2.5,2.63,3.4,2.63,2.54,3.25,2.5,2.84,3.35,2.72,1.75,2.05,1.77,2.05,1.74,1.98,1.87,2.08,0,1.9,1.9,1.9,1.9,1.88,1.83,1.98,1.95
SC1,22/08/2026,15:00,Livingston,Dunfermline,2,0,H,1,0,H,K Clancy,,,11,17,4,5,9,13,4,6,2,0,0,0,1.73,3.6,4,1.73,3.6,4.33,1.75,3.5,4.2,1.71,3.4,4.1,1.7,3.6,4.33,1.67,3.5,4.2,1.78,3.75,4.5,1.73,3.55,4.18,1.78,3.7,4.5,1.8,2,1.95,2,1.89,1.82,1.92,1.85,-0.5,1.78,2.03,1.78,2.05,1.72,1.99,1.82,2.03,1.75,3.6,3.9,1.73,3.6,4.2,1.73,3.6,4.2,1.75,3.4,3.9,1.7,3.6,4.2,1.7,3.5,4,1.78,3.8,4.2,1.74,3.59,4.06,1.87,3.85,4.5,1.8,2,1.85,2,1.79,1.92,1.93,1.99,-0.5,1.78,2.03,1.78,2.03,1.74,1.98,1.8,2.09
SC1,22/08/2026,15:00,Morton,Arbroath,1,2,A,0,1,A,R Hardie,,,7,7,3,6,15,14,1,6,3,0,0,0,3.2,3.1,2.1,3.3,3.3,2.05,3.4,3.2,2.05,3.2,3.2,2,3.3,3.3,2,3.25,3.1,2,3.4,3.3,2.1,3.3,3.21,2.05,3.9,3.4,2.08,2.1,1.7,2.1,1.73,2.05,1.69,2.14,1.77,0.5,1.7,2.1,1.7,2.1,1.68,2.03,1.86,2.08,3.5,3.1,2,3.6,3.2,2,3.5,3.13,2.05,3.5,3.2,1.93,3.6,3.1,1.95,3.5,3.1,1.95,3.75,3.4,2.05,3.57,3.17,1.98,3.95,3.4,2.12,2.25,1.62,2.25,1.67,2.18,1.62,2.42,1.67,0.5,1.78,2.03,1.78,2.03,1.74,1.96,1.87,2.12
SC1,22/08/2026,15:00,Queens Park,Stenhousemuir,0,2,A,0,0,D,S Murdoch,,,1,8,0,4,13,13,4,7,1,2,0,0,2.15,3.25,2.9,2.25,3.2,3,2.25,3.13,3,2.2,3.1,2.9,2.15,3.2,3.2,2.15,3.1,3.1,2.25,3.25,3.2,2.2,3.15,3.04,2.28,3.2,3.3,2.1,1.7,2.2,1.7,2.1,1.66,2,1.71,-0.25,1.98,1.83,1.98,1.83,1.92,1.8,1.96,1.9,2.4,3.2,2.55,2.5,3.2,2.63,2.55,3.1,2.63,2.45,3,2.6,2.5,3.1,2.6,2.45,3.1,2.5,2.55,3.25,2.75,2.47,3.15,2.63,2.78,3.1,3.05,2.15,1.67,2.15,1.73,2.09,1.67,2.24,1.76,0,1.83,1.98,1.83,1.98,1.81,1.91,1.9,2.07
SC1,22/08/2026,15:00,Raith Rvs,Ayr,2,0,H,2,0,H,L Wilson,,,14,3,5,0,13,6,5,2,2,1,0,1,1.85,3.3,3.7,1.95,3.3,3.6,1.93,3.25,3.75,1.93,3.2,3.4,1.95,3.3,3.6,1.91,3.25,3.5,1.95,3.5,3.8,1.91,3.29,3.65,1.9,3.4,3.95,2.08,1.73,2.1,1.75,2.04,1.7,1.94,1.82,-0.5,1.95,1.85,1.95,1.85,1.9,1.8,1.9,2,1.75,3.3,4.1,1.83,3.4,4,1.8,3.3,4.2,1.85,3.2,3.7,1.85,3.3,3.8,1.83,3.25,3.75,1.88,3.6,4.2,1.83,3.32,3.95,1.98,3.5,4.4,2.1,1.7,2.1,1.75,2.04,1.7,2.16,1.81,-0.5,1.78,2.03,1.88,2.03,1.81,1.89,1.98,1.98
SC2,22/08/2026,15:00,Airdrie Utd,Ross County,1,3,A,0,2,A,C Stirling,,,7,15,2,5,14,15,4,7,3,1,0,0,4.33,3.6,1.67,4.5,3.5,1.67,4.75,3.6,1.65,4.33,3.6,1.65,4.5,3.6,1.67,4.33,3.5,1.67,4.8,3.75,1.95,4.31,3.56,1.7,5.1,3.8,1.65,1.95,1.85,1.95,1.85,1.88,1.82,1.89,1.9,0.75,1.93,1.88,1.93,1.88,1.87,1.83,1.96,1.82,3.9,3.8,1.7,4,3.75,1.67,4.5,3.9,1.62,4.1,3.7,1.65,4.2,3.8,1.67,4,3.6,1.67,4.5,4,1.73,4.13,3.8,1.66,4.6,4.1,1.77,1.62,2.25,1.7,2.25,1.66,2.11,1.72,2.24,0.75,1.85,1.95,1.9,1.95,1.88,1.82,1.96,1.96
SC2,22/08/2026,15:00,Cove Rangers,Peterhead,3,0,H,0,0,D,P Stuart,,,12,11,6,4,14,12,3,4,2,2,0,0,2.63,3.3,2.25,2.6,3.3,2.38,2.7,3.3,2.38,2.55,3.25,2.37,2.63,3.4,2.4,2.5,3.3,2.38,2.7,3.8,2.65,2.56,3.41,2.38,2.42,3.75,2.28,1.9,1.9,1.9,1.93,1.83,1.87,1.83,1.93,0,2.05,1.75,2.05,1.8,1.96,1.75,1.89,1.76,2.63,3.3,2.25,2.5,3.2,2.5,2.55,3.2,2.55,2.4,3.1,2.6,2.5,3.25,2.5,2.45,3.1,2.5,2.63,3.3,2.63,2.5,3.21,2.52,2.7,3.4,2.86,2.03,1.78,2.05,1.78,1.99,1.73,2.12,1.83,0,2.05,1.75,2.05,1.9,1.88,1.83,1.9,2.04
SC2,22/08/2026,15:00,East Fife,Hamilton,0,0,D,0,0,D,J Kennedy,,,6,10,2,5,13,7,5,9,1,1,0,0,3.7,3.2,1.85,3.5,3.3,1.91,3.7,3.3,1.93,3.5,3.25,1.9,3.6,3.4,1.91,3.5,3.3,1.85,4.5,3.4,1.95,3.68,3.3,1.89,3.5,2.92,1.84,2,1.8,2,1.8,1.91,1.79,1.83,1.7,0.5,1.85,1.95,1.98,1.95,1.83,1.86,1.83,1.84,3.7,3.2,1.85,3.6,3.4,1.83,3.9,3.4,1.83,3.7,3.25,1.83,3.75,3.4,1.85,3.6,3.3,1.83,3.9,3.4,1.95,3.69,3.31,1.86,4.2,3.55,1.93,1.95,1.85,1.95,1.85,1.91,1.8,1.96,1.94,0.5,1.9,1.9,1.9,1.93,1.83,1.86,2.03,1.93
SC2,22/08/2026,15:00,Montrose,East Kilbride,3,0,H,2,0,H,A Hendry,,,9,7,4,5,19,13,1,4,3,2,0,0,4,4,1.62,4.33,4,1.6,4.4,4,1.62,4.1,3.8,1.62,4.5,4,1.6,4.33,3.9,1.57,4.5,4.1,1.8,4.1,3.91,1.64,4.4,4.2,1.68,1.53,2.38,1.53,2.55,1.49,2.44,1.54,2.52,0.75,2,1.8,2,1.8,1.95,1.76,2,1.85,3.75,4,1.67,3.75,4,1.67,4.2,3.9,1.67,4.1,3.8,1.63,4,4,1.65,3.8,3.9,1.67,4.25,4,1.7,3.98,3.91,1.67,4.4,4.4,1.76,1.5,2.5,1.5,2.7,1.48,2.5,1.56,2.58,0.75,1.9,1.9,1.9,1.9,1.86,1.84,2.01,1.93
SC2,22/08/2026,15:00,Queen of Sth,Alloa,0,2,A,0,0,D,G Irvine,,,9,14,3,8,15,10,4,5,2,1,0,0,2.5,3.25,2.5,2.5,3.25,2.5,2.55,3.2,2.55,2.55,3.1,2.4,2.5,3.3,2.5,2.45,3.25,2.45,2.6,3.3,2.6,2.53,3.22,2.49,2.52,3.2,2.32,1.9,1.9,1.9,1.95,1.82,1.89,1.75,1.78,0,1.93,1.88,1.93,1.88,1.86,1.84,1.9,1.87,2.5,3.25,2.5,2.5,3.3,2.5,2.6,3.2,2.5,2.45,3.2,2.5,2.5,3.3,2.5,2.45,3.25,2.45,2.6,3.35,2.6,2.52,3.23,2.5,2.62,3.45,2.66,1.9,1.9,1.9,1.93,1.83,1.89,1.9,2,0,1.93,1.88,1.93,1.88,1.88,1.83,1.92,1.94
SC3,22/08/2026,15:00,Clyde,Forfar,3,0,H,2,0,H,J Hay,,,18,8,5,5,8,11,4,4,0,2,0,0,1.62,3.7,4.5,1.62,3.75,4.5,1.62,3.7,4.8,1.61,3.7,4.4,1.62,3.8,4.75,1.6,3.6,4.6,1.65,4,4.8,1.62,3.75,4.49,1.65,3.95,4.4,1.83,1.98,1.83,2.02,1.77,1.94,1.8,1.98,-0.75,1.83,1.98,1.83,1.98,1.79,1.92,1.82,1.94,1.6,3.75,4.5,1.6,3.75,4.6,1.62,3.7,4.75,1.61,3.6,4.5,1.6,3.8,4.75,1.6,3.6,4.6,1.65,3.9,4.75,1.61,3.72,4.54,1.71,4,5.2,1.83,1.98,1.83,2,1.79,1.93,1.84,2.1,-0.75,1.83,1.98,1.83,1.98,1.79,1.92,1.9,1.99
SC3,22/08/2026,15:00,Edinburgh City,Annan Athletic,1,0,H,0,0,D,C Ashwood,,,10,6,7,3,16,16,3,4,3,4,0,0,2.2,3.4,2.63,2.3,3.4,2.63,2.38,3.4,2.63,2.25,3.3,2.65,2.3,3.5,2.63,2.25,3.4,2.6,2.38,3.6,3.4,2.22,3.46,2.74,2.4,3.6,2.68,1.73,2.08,1.73,2.1,1.69,2.04,1.73,2.02,-0.25,2.03,1.78,2.03,1.78,2.01,1.72,2.09,1.72,2.05,3.5,2.9,2.05,3.5,3,2.05,3.4,3.13,2.05,3.3,2.95,2,3.6,3.1,2,3.4,3,2.1,3.66,3.13,2.05,3.46,3,2.14,3.9,3.3,1.73,2.08,1.73,2.1,1.69,2.04,1.77,2.16,-0.25,1.85,1.95,1.85,1.95,1.81,1.9,1.87,2.04
SC3,22/08/2026,15:00,Kelty Hearts,Dumbarton,3,1,H,2,1,H,L Hogarth,,,17,12,8,4,14,8,6,4,3,1,0,0,1.67,3.6,4.2,1.67,3.75,4,1.7,3.7,4.1,1.68,3.6,4.1,1.67,3.8,4.2,1.67,3.75,4,1.73,3.9,4.55,1.67,3.72,4.15,1.57,3.75,3.9,1.65,2.2,1.65,2.2,1.62,2.16,1.5,2.08,-0.75,1.9,1.9,1.9,1.9,1.87,1.83,1.81,1.82,1.7,3.6,4.1,1.67,3.75,4,1.7,3.7,4.1,1.68,3.6,4,1.67,3.8,4.2,1.67,3.75,4,1.73,3.8,4.33,1.69,3.69,4.07,1.83,3.9,4.3,1.67,2.15,1.67,2.3,1.62,2.16,1.7,2.26,-0.5,1.73,2.08,1.73,2.08,1.68,2.03,1.83,2.09
SC3,22/08/2026,15:00,Spartans,Elgin,3,3,D,1,2,A,G Hanvidge,,,10,11,7,7,12,20,2,3,1,4,0,0,1.95,3.4,3.4,2,3.4,3.2,1.95,3.4,3.4,1.93,3.3,3.25,2,3.5,3.3,1.95,3.4,3.1,2,3.5,3.7,1.93,3.42,3.37,2.06,3.45,3.4,1.85,1.95,1.85,2,1.77,1.94,1.81,1.94,-0.5,2,1.8,2,1.88,1.9,1.79,2.06,1.75,1.95,3.4,3.4,2,3.4,3.1,1.95,3.4,3.4,1.98,3.2,3.3,2,3.5,3.1,1.95,3.4,3.1,2.05,3.5,3.66,1.98,3.34,3.29,2.18,3.6,3.45,1.85,1.95,1.85,2,1.78,1.93,1.87,2.04,-0.25,1.78,2.03,1.78,2.03,1.72,2.01,1.88,2.01
SC3,22/08/2026,15:00,Stirling,Stranraer,2,2,D,0,2,A,E Birch,,,13,9,8,6,13,12,9,8,3,1,0,0,2.6,3.3,2.3,2.6,3.3,2.38,2.6,3.3,2.4,2.6,3.3,2.3,2.63,3.4,2.4,2.5,3.3,2.38,2.7,3.5,2.7,2.55,3.34,2.4,2.66,3.4,2.46,1.8,2,1.8,2,1.75,1.95,1.64,1.98,0,2,1.8,2,1.8,1.93,1.78,1.95,1.74,2.7,3.4,2.25,2.75,3.3,2.25,2.75,3.4,2.25,2.8,3.25,2.15,2.8,3.5,2.15,2.8,3.4,2.15,2.88,3.5,2.25,2.78,3.38,2.2,2.74,3.6,2.48,1.8,2,1.8,2.1,1.72,1.99,1.8,2.12,0,2.08,1.73,2.08,1.75,2.03,1.7,2.05,1.85
SP1,21/08/2026,20:00,Betis,Sociedad,1,0,H,0,0,D,,1.24,1.36,18,9,7,3,9,12,4,5,3,3,0,0,2.05,3.5,3.5,2.1,3.6,3.3,2.05,3.6,3.5,2.05,3.6,3.5,2,3.4,3.6,2,3.5,3.6,2.12,3.6,3.6,2.05,3.51,3.48,2.14,3.6,3.9,1.8,2,1.85,2,1.79,1.96,1.88,2.1,-0.5,2.05,1.75,2.1,1.78,2.01,1.73,2.14,1.87,2.1,3.4,3.5,2.15,3.5,3.3,2.1,3.4,3.5,2.1,3.4,3.4,2.1,3.3,3.4,2.1,3.4,3.4,2.15,3.55,3.5,2.11,3.43,3.38,2.22,3.55,3.6,1.8,2,1.83,2,1.78,1.97,1.89,2.1,-0.25,1.85,2,1.85,2,1.79,1.95,1.91,2.07
SP1,22/08/2026,16:00,Ath Bilbao,Sevilla,1,3,A,0,1,A,,1.25,0.41,18,7,8,4,11,16,10,3,2,5,1,0,1.7,3.6,5.25,1.73,3.5,5.5,1.7,3.6,5.25,1.71,3.6,5.25,1.67,3.5,5,1.67,3.4,5.25,1.73,3.7,5.5,1.7,3.56,5.13,1.78,3.7,5.7,2.2,1.67,2.2,1.67,2.2,1.63,2.38,1.7,-0.75,1.98,1.88,1.98,1.88,1.91,1.84,2.02,1.94,1.75,3.6,5,1.8,3.6,4.6,1.73,3.6,5,1.75,3.6,4.8,1.73,3.4,5,1.73,3.6,5,1.8,3.6,5,1.75,3.57,4.79,1.82,3.65,5.4,2.1,1.73,2.15,1.73,2.1,1.69,2.3,1.75,-0.75,1.98,1.88,2,1.88,1.95,1.8,2.07,1.91
SP1,22/08/2026,18:30,Valencia,Celta,0,0,D,0,0,D,,0.58,0.66,8,7,2,3,17,17,1,2,2,3,0,0,2.35,3.2,3.2,2.3,3.3,3.2,2.38,3.2,3.1,2.35,3.2,3.1,2.25,3.3,3.2,2.25,3.25,3.1,2.38,3.3,3.25,2.33,3.21,3.13,2.46,3.35,3.35,2.2,1.67,2.2,1.67,2.2,1.63,2.34,1.71,-0.25,2.03,1.83,2.03,1.83,1.96,1.79,2.09,1.89,2.45,3.1,3,2.4,3.2,3,2.45,3.2,3,2.4,3.1,3.1,2.4,3,3.1,2.4,3.1,3.1,2.45,3.2,3.2,2.42,3.12,3.04,2.62,3.15,3.25,2.38,1.57,2.38,1.65,2.26,1.6,2.44,1.67,-0.25,2.1,1.78,2.1,1.8,2.03,1.74,2.19,1.83
SP1,22/08/2026,20:30,Espanol,Real Madrid,1,2,A,1,1,D,,1.05,2.7,8,21,3,8,19,7,0,8,5,1,0,0,7,4.5,1.44,7.5,4.6,1.4,7.5,4.75,1.4,7,4.75,1.43,7.5,4.5,1.4,7.5,4.5,1.4,8.2,4.8,1.44,7.36,4.59,1.41,8.4,4.9,1.46,1.73,2.1,1.73,2.2,1.68,2.11,1.78,2.24,1.25,1.88,1.98,1.9,1.98,1.84,1.91,1.92,2.02,7.5,5,1.4,7.5,5,1.4,8,5,1.36,7.25,4.8,1.41,7.5,4.5,1.36,7.5,5,1.36,8,5,1.41,7.35,4.88,1.39,8.6,5.3,1.43,1.53,2.5,1.57,2.63,1.52,2.45,1.61,2.6,1.25,2.03,1.83,2.03,1.83,1.98,1.77,2.05,1.92
SP1,23/08/2026,16:00,Ath Madrid,Villarreal,2,2,D,0,0,D,,0.78,3.6,19,13,4,6,12,13,5,3,3,2,1,0,1.85,3.6,4.1,1.9,3.6,4,1.8,3.5,3.9,1.9,3.5,4,1.83,3.6,4,1.83,3.6,4,1.91,3.6,4.1,1.85,3.57,3.98,1.93,3.85,4.3,1.88,1.98,1.88,1.98,1.82,1.91,1.9,2.08,-0.5,1.88,1.98,1.88,1.98,1.82,1.9,1.93,2.06,1.8,3.9,4.1,1.8,3.75,4.2,1.75,3.75,4.6,1.78,3.9,4.1,1.75,3.7,4.2,1.75,3.8,4.2,1.84,3.9,4.6,1.78,3.83,4.15,1.87,3.9,4.7,1.62,2.3,1.67,2.3,1.62,2.22,1.73,2.34,-0.5,1.83,2.03,1.83,2.1,1.76,2.01,1.87,2.13
SP1,23/08/2026,18:30,Getafe,Santander,1,0,H,0,0,D,,1.24,1.3,12,6,1,3,14,17,8,6,1,3,0,0,2.2,2.9,3.9,2.15,3.1,3.75,2.1,2.9,3.6,2.15,3,3.8,2.15,2.88,3.8,2.15,2.88,3.9,2.22,3.1,3.95,2.16,2.92,3.77,2.3,3.05,4.1,2.75,1.44,2.75,1.48,2.7,1.43,2.94,1.5,-0.25,1.85,2,1.85,2,1.81,1.94,1.92,2.06,2.25,3.1,3.5,2.38,3.1,3.25,2.3,3.13,3.4,2.3,3.1,3.4,2.25,3,3.4,2.25,3.1,3.4,2.38,3.13,3.5,2.27,3.07,3.42,2.38,3.25,3.6,2.2,1.67,2.25,1.67,2.2,1.64,2.32,1.75,-0.25,1.93,1.93,1.93,1.93,1.89,1.85,2.02,1.95
SP1,23/08/2026,20:30,Elche,Barcelona,0,5,A,0,2,A,,0.7,4.38,7,11,2,7,13,12,3,1,1,0,0,0,9,5.75,1.3,9,5.5,1.3,8,5.25,1.29,8.25,5.75,1.32,8.5,5.5,1.29,8.5,5.5,1.3,10.25,5.75,1.33,8.42,5.49,1.31,9.4,6.2,1.35,1.44,2.75,1.48,2.8,1.43,2.67,1.5,2.88,1.5,1.98,1.88,1.98,1.88,1.9,1.82,2.04,1.92,8.5,5.5,1.33,8.5,5.5,1.33,9,5.75,1.3,7.5,5.5,1.36,8,5.5,1.3,8.5,5.5,1.3,9,5.75,1.36,8.35,5.52,1.32,9.2,5.9,1.38,1.5,2.63,1.5,2.75,1.47,2.62,1.52,2.88,1.5,1.93,1.93,1.95,1.93,1.88,1.86,1.98,2.01
SP1,24/08/2026,18:30,Osasuna,Levante,0,0,D,0,0,D,,0.67,1.31,12,11,7,1,9,12,9,4,2,1,0,0,1.83,3.6,4.33,1.83,3.6,4.33,1.75,3.5,4.2,1.83,3.5,4.4,1.8,3.5,4.33,1.8,3.5,4.2,1.84,3.6,4.5,1.81,3.52,4.3,1.86,3.7,4.8,2,1.8,2,1.8,1.97,1.77,2.06,1.83,-0.5,1.8,2.05,1.8,2.05,1.78,1.95,,,1.85,3.4,4.33,1.91,3.4,4.2,1.87,3.5,4.2,1.93,3.4,4.1,1.91,3.25,4.2,1.91,3.3,4.2,1.94,3.5,4.33,1.9,3.38,4.21,1.99,3.5,4.6,2.2,1.67,2.2,1.73,2.14,1.67,2.28,1.76,-0.5,1.9,1.95,1.9,1.95,1.85,1.88,1.99,2
SP1,24/08/2026,20:30,Malaga,La Coruna,1,1,D,1,1,D,,1.97,1.11,13,6,2,4,12,12,7,4,1,4,0,0,2.5,3.1,3.1,2.5,3.1,3,2.4,2.9,3,2.6,3.1,2.87,2.45,2.88,3.1,2.5,2.88,3.1,2.6,3.1,3.1,2.48,2.99,3.01,2.64,3.05,3.3,2.63,1.5,2.63,1.54,2.48,1.5,2.68,1.57,-0.25,2.1,1.7,2.1,1.73,2.05,1.7,2.21,1.81,2.4,3.1,3.25,2.4,3.1,3.1,2.38,3.2,3.1,2.35,3,3.25,2.3,2.9,3.2,2.3,3,3.25,2.42,3.2,3.3,2.36,3.05,3.2,2.5,3.15,3.5,2.3,1.62,2.3,1.67,2.23,1.63,2.42,1.69,-0.25,2.1,1.7,2.1,1.8,1.98,1.76,2.09,1.9
SP2,21/08/2026,20:00,Cordoba,Girona,2,1,H,2,0,H,,1.86,0.49,11,10,3,3,23,10,2,3,4,5,0,0,2.57,3.5,2.45,2.6,3.4,2.4,2.6,3.4,2.4,2.7,3.3,2.35,2.63,3.25,2.4,2.6,3.2,2.38,2.71,3.5,2.48,2.65,3.38,2.42,2.86,3.6,2.64,1.75,2.05,1.77,2.1,1.72,2.03,1.82,2.18,0,1.95,1.85,1.95,1.85,1.93,1.8,2.07,1.91,2.65,3.5,2.4,2.5,3.4,2.5,2.6,3.4,2.4,2.5,3.4,2.5,2.5,3.3,2.45,2.45,3.25,2.45,2.65,3.5,2.6,2.56,3.41,2.47,2.74,3.7,2.7,1.7,2.1,1.73,2.1,1.69,2.07,1.8,2.2,0,1.98,1.83,1.98,1.88,1.9,1.82,2,1.97
SP2,22/08/2026,16:00,Oviedo,Leganes,0,1,A,0,1,A,,1.65,0.21,24,5,5,2,16,7,9,2,3,0,0,1,1.81,3.3,4.5,1.9,3.25,4,1.83,3.2,4.2,1.85,3.1,4.2,1.85,3.25,4,1.83,3.1,3.9,1.91,3.3,4.5,1.86,3.21,4.23,1.99,3.3,4.8,2.35,1.57,2.35,1.62,2.26,1.58,2.38,1.65,-0.5,1.88,1.93,1.9,1.93,1.84,1.87,1.99,1.99,1.76,3.3,4.75,1.8,3.2,4.5,1.75,3.2,4.75,1.77,3.2,4.6,1.75,3,4.75,1.75,3,4.6,1.84,3.3,5.33,1.77,3.18,4.7,1.89,3.4,5.4,2.5,1.5,2.5,1.57,2.39,1.52,2.62,1.6,-0.5,1.8,2,1.8,2,1.76,1.95,1.89,2.08
SP2,22/08/2026,18:00,Albacete,Sociedad B,1,2,A,0,2,A,,1.27,1.27,17,12,7,6,7,11,5,6,2,1,0,0,1.76,3.4,4.5,1.83,3.5,3.75,1.8,3.5,4,1.8,3.5,3.9,1.8,3.5,3.8,1.8,3.4,3.75,1.85,3.75,4.5,1.81,3.5,4.01,1.86,3.7,4.7,1.85,1.95,1.85,2,1.81,1.92,1.92,1.88,-0.5,1.8,2,1.83,2,1.79,1.93,1.86,2.09,1.62,3.6,5.25,1.7,3.6,4.5,1.62,3.6,5,1.66,3.6,4.6,1.62,3.6,4.75,1.62,3.5,4.6,1.71,4,5.25,1.66,3.65,4.79,1.75,4,5.5,1.85,1.95,1.87,2.1,1.8,1.92,1.92,2.04,-0.75,1.83,1.98,1.9,1.98,1.83,1.9,1.96,2.01
SP2,22/08/2026,18:00,Ceuta,Las Palmas,0,2,A,0,1,A,,1.14,1.28,19,9,4,4,18,15,6,4,2,0,0,0,2.85,3.2,2.45,2.75,3.25,2.4,2.8,3.2,2.38,2.85,3.1,2.35,2.7,3.25,2.3,2.7,3.1,2.3,3,3.25,2.5,2.82,3.18,2.39,3,3.5,2.54,2.05,1.75,2.1,1.8,2.02,1.73,2.1,1.84,0.25,1.7,2.1,1.8,2.1,1.72,2.01,1.82,2.18,2.65,3.4,2.45,2.75,3.4,2.3,2.63,3.5,2.3,2.7,3.3,2.35,2.7,3.2,2.3,2.63,3.1,2.3,2.85,3.5,2.45,2.73,3.36,2.34,2.92,3.6,2.58,1.62,2.25,1.67,2.25,1.64,2.14,1.77,2.28,0,1.98,1.83,2.05,1.83,2,1.74,2.13,1.87
SP2,22/08/2026,20:30,Eldense,Cadiz,2,2,D,0,0,D,,1.31,0.69,10,8,6,6,11,16,7,3,2,3,0,0,2.25,3,3.4,2.25,3.2,3,2.25,3.13,3,2.3,3.1,2.9,2.2,3.1,3,2.15,3.1,3,2.32,3.2,3.4,2.26,3.09,3.11,2.38,3.2,3.35,2.15,1.67,2.2,1.7,2.11,1.66,2.24,1.74,-0.25,1.98,1.83,1.98,1.83,1.93,1.8,2.02,1.9,2.1,3.1,3.7,2.2,3.1,3.2,2.1,3.2,3.3,2.15,3.1,3.25,2.05,3,3.4,2.05,2.9,3.4,2.22,3.2,3.7,2.13,3.07,3.38,2.22,3.35,3.9,2.15,1.67,2.15,1.73,2.1,1.67,2.26,1.78,-0.25,1.83,1.98,1.9,1.98,1.82,1.91,1.9,2.09
SP2,23/08/2026,16:00,Eibar,Valladolid,1,0,H,0,0,D,,1.15,0.46,12,11,3,4,8,13,5,5,3,4,0,0,2.1,3.1,3.4,2.2,3.1,3.25,2.15,3.1,3.3,2.15,3,3.25,2.15,3,3.25,2.15,3,3.1,2.22,3.1,3.66,2.16,3.03,3.37,2.24,2.92,3.65,2.3,1.6,2.3,1.62,2.24,1.59,1.01,1.61,-0.25,1.85,1.95,1.9,1.95,1.84,1.89,,,1.96,3,4.33,2.05,3,3.75,2,3,3.8,2.05,2.95,3.75,1.91,2.88,4,1.91,2.8,4,2.12,3.05,4.33,2.01,2.95,3.94,2.1,3.15,4.6,2.5,1.5,2.5,1.53,2.44,1.5,2.64,1.6,-0.5,2,1.8,2.05,1.8,1.98,1.74,2.08,1.89
SP2,23/08/2026,18:00,Castellon,Sabadell,0,0,D,0,0,D,,0.47,1.15,8,11,1,0,9,13,5,3,2,5,0,0,1.53,3.75,6,1.53,4,5.5,1.5,4.1,5.5,1.52,4.1,5.25,1.5,4,5.5,1.5,3.9,5.25,1.55,4.2,6,1.52,4.02,5.49,1.56,4,5.7,1.7,2.1,1.73,2.15,1.68,2.08,1.01,2.14,-1,1.93,1.88,1.93,1.88,1.89,1.84,,,1.62,3.4,5.5,1.7,3.6,4.5,1.67,3.5,4.75,1.68,3.6,4.5,1.67,3.4,4.75,1.67,3.3,4.5,1.7,3.65,5.5,1.68,3.53,4.81,1.8,3.8,5.4,1.95,1.85,1.95,1.91,1.89,1.84,2,1.96,-0.75,1.9,1.9,1.9,1.9,1.88,1.85,2.03,1.94
SP2,23/08/2026,18:00,Sp Gijon,Burgos,1,0,H,1,0,H,,1.05,0.21,10,7,5,1,15,12,4,4,0,2,0,0,2.55,2.82,3,2.5,3,2.8,2.5,3,2.75,2.45,2.95,2.8,2.45,3,2.75,2.45,2.9,2.7,2.6,3.2,3,2.52,2.98,2.8,2.6,2.94,3.15,2.4,1.53,2.4,1.57,2.36,1.53,2.5,1.59,0,1.8,2,1.8,2,1.77,1.97,,,1.91,3.1,4.1,1.95,3.2,3.75,1.93,3.2,3.8,2.05,3.1,3.5,1.87,3.1,3.8,1.91,3,3.75,2.05,3.3,4.2,1.96,3.15,3.83,2.06,3.45,4.3,2.25,1.62,2.25,1.62,2.23,1.6,2.38,1.69,-0.5,1.98,1.83,2,1.83,1.94,1.77,2.06,1.92
SP2,23/08/2026,20:30,Tenerife,Almeria,1,0,H,1,0,H,,0.71,0.72,15,9,2,1,14,8,5,7,2,0,0,0,3.2,3.2,2.2,3,3.25,2.25,3,3.2,2.25,3.1,3.1,2.2,2.88,3.25,2.2,2.8,3.1,2.2,3.2,3.25,2.3,3.05,3.19,2.24,3.25,3.15,2.3,2.08,1.73,2.1,1.75,2.02,1.72,1.01,1.76,0.25,1.85,1.95,1.85,1.95,1.8,1.92,,,2.65,3.1,2.65,2.6,3.1,2.6,2.63,3.13,2.55,2.65,3.1,2.5,2.63,2.9,2.5,2.63,2.9,2.5,2.8,3.2,2.7,2.67,3.07,2.58,2.9,3.25,2.84,2.15,1.67,2.15,1.75,2.04,1.71,2.2,1.81,0,1.93,1.88,1.93,1.88,1.89,1.83,2.02,1.96
SP2,24/08/2026,18:00,Celta B,Andorra,4,2,H,0,0,D,,2.33,1.7,10,17,7,5,13,18,4,4,4,3,0,0,3.3,3.25,2.15,3.1,3.3,2.15,3.1,3.3,2.15,3,3.3,2.15,3,3.3,2.1,2.9,3.1,2.05,3.3,3.4,2.2,3.12,3.29,2.15,,,,1.88,1.93,1.88,2,1.81,1.91,,,0.25,1.9,1.9,1.9,1.9,1.86,1.86,,,3.5,3,2.2,3.1,3.3,2.15,3.2,3.25,2.1,3.2,3.2,2.1,3.2,3.1,2.1,3.1,3.1,2.1,3.5,3.4,2.2,3.21,3.24,2.14,3.5,3.45,2.28,2.08,1.73,2.08,1.83,1.96,1.77,2.06,1.92,0.25,1.9,1.9,1.9,1.9,1.89,1.84,2.01,1.95
SP2,24/08/2026,20:30,Granada,Mallorca,2,0,H,1,0,H,,0.78,0.84,14,18,6,4,8,14,7,1,1,3,0,0,3,3,2.5,2.8,3.1,2.4,2.8,3,2.45,2.85,3,2.37,2.8,3,2.4,2.7,2.8,2.3,3,3.1,2.55,2.85,2.99,2.45,1.96,1.72,1.2,2.4,1.53,2.4,1.57,2.34,1.54,,,0,2.05,1.75,2.05,1.8,2,1.74,,,3.1,3,2.55,2.88,3,2.4,2.88,3,2.4,2.85,3,2.4,2.88,2.8,2.4,2.88,2.8,2.4,3.1,3,2.55,2.95,2.96,2.43,3.25,3.1,2.66,2.4,1.53,2.4,1.57,2.34,1.54,2.5,1.65,0,2.05,1.75,2.15,1.75,2.06,1.7,2.21,1.81
T1,21/08/2026,19:30,Erzurumspor,Galatasaray,0,4,A,0,3,A,,0.48,3.08,12,10,4,4,11,12,2,2,1,0,0,0,6.25,4.1,1.46,6,4.2,1.44,6,4.2,1.45,6,4.2,1.5,6,4.2,1.4,5.75,4,1.44,6.25,4.4,1.51,5.95,4.19,1.46,7.2,4.7,1.53,1.67,2.15,1.7,2.2,1.66,2.13,1.75,2.3,1,1.98,1.83,1.98,1.83,1.95,1.79,2.12,1.86,5.75,4,1.51,5.5,4,1.53,6,4.2,1.5,5.75,4.2,1.53,6,3.8,1.44,5.75,3.8,1.44,6,4.33,1.55,5.71,4.08,1.51,7,4.5,1.57,1.7,2.1,1.7,2.2,1.65,2.15,1.74,2.32,1,1.9,1.9,1.9,1.9,1.86,1.86,2.01,1.95
T1,22/08/2026,17:00,Corum,Kasimpasa,0,1,A,0,1,A,,1.1,0.31,16,6,2,1,12,13,7,0,1,3,0,0,2.2,3.5,3,2.2,3.4,2.88,2.2,3.3,3,2.3,3.4,2.9,2.2,3.4,2.9,2.15,3.25,2.8,2.3,3.5,3.05,2.21,3.36,2.96,2.32,3.55,3.25,1.9,1.9,1.9,1.95,1.84,1.88,1.95,1.96,-0.25,1.95,1.85,1.95,1.85,1.91,1.81,2,1.94,1.91,3.5,3.8,1.95,3.3,3.6,2,3.3,3.7,1.98,3.3,3.7,1.95,3.2,3.6,1.95,3.1,3.5,2,3.5,3.8,1.97,3.32,3.7,2.08,3.6,4,2.15,1.67,2.15,1.8,2.04,1.71,2.18,1.81,-0.5,1.95,1.85,1.95,1.85,1.92,1.78,2.08,1.9
T1,22/08/2026,17:00,Rizespor,Samsunspor,0,2,A,0,1,A,,1.85,0.32,28,6,8,3,13,11,10,1,1,1,0,0,2.25,3.4,3.1,2.3,3.25,2.88,2.25,3.3,2.88,2.3,3.3,3,2.25,3.3,2.8,2.2,3.25,2.75,2.4,3.4,3.1,2.28,3.26,2.94,2.4,3.4,3.2,1.83,1.98,1.9,1.98,1.82,1.89,1.88,2.02,-0.25,2,1.8,2.05,1.83,1.96,1.78,2.05,1.88,1.86,3.7,3.8,1.9,3.5,3.6,1.95,3.6,3.5,1.9,3.5,3.8,1.8,3.3,3.8,1.83,3.25,3.8,1.95,3.7,3.9,1.88,3.53,3.74,1.97,3.7,4.3,1.73,2.08,1.8,2.1,1.72,2.03,1.82,2.18,-0.5,1.9,1.9,1.9,1.9,1.85,1.85,1.98,2.01
T1,22/08/2026,19:30,Fenerbahce,Konyaspor,4,2,H,3,1,H,,2.36,2.15,20,17,9,8,11,10,7,3,0,3,0,0,1.25,5.25,10,1.25,5.5,9.5,1.25,5.25,9.5,1.29,5.5,9.25,1.22,5.5,9.5,1.22,5,8,1.3,5.75,10,1.26,5.37,9.19,1.33,6,10.5,1.53,2.4,1.53,2.55,1.49,2.48,1.56,2.62,-1.5,1.83,1.98,1.83,1.98,1.77,1.94,1.88,1.99,1.22,5.75,12,1.25,5.5,10,1.22,6,12,1.25,5.75,11,1.2,5.5,11,1.2,5.25,9.5,1.25,6,13.5,1.23,5.69,11.12,1.27,6.4,15,1.57,2.35,1.57,2.5,1.53,2.38,1.6,2.6,-1.75,1.9,1.9,1.9,1.9,1.86,1.87,2,1.94
T1,23/08/2026,17:00,Eyupspor,Gaziantep,0,1,A,0,0,D,,0.49,1.16,12,9,1,2,16,17,4,2,0,1,0,1,2.75,3.3,2.4,,,,2.7,3.3,2.38,2.9,3.2,2.4,2.75,3.3,2.3,2.7,3.1,2.3,2.9,3.3,2.54,2.79,3.18,2.4,3,3.25,2.52,1.9,1.9,1.91,1.9,1.87,1.85,1.01,1.92,0,2.03,1.78,2.05,1.78,2,1.74,,,2.82,3.3,2.32,2.8,3.3,2.3,2.8,3.3,2.4,3,3.25,2.3,2.88,3,2.3,2.88,3,2.3,3,3.5,2.45,2.87,3.25,2.34,3.2,3.35,2.56,1.9,1.9,1.93,1.91,1.87,1.85,1.98,1.99,0.25,1.7,2.1,1.75,2.1,1.7,2.05,1.84,2.16
T1,23/08/2026,17:00,Trabzonspor,Buyuksehyr,2,1,H,1,1,D,,2.27,1.95,19,12,8,4,13,18,5,1,3,4,0,0,2.01,3.6,3.3,2.05,3.6,3.1,2.05,3.5,3.1,2.05,3.6,3.2,2,3.6,3.1,2,3.5,3,2.12,3.65,3.3,2.05,3.54,3.14,2.14,3.7,3.35,1.7,2.1,1.7,2.2,1.66,2.11,1.84,2.14,-0.25,1.83,1.98,1.83,1.98,1.8,1.92,,,1.81,3.9,3.7,1.91,3.75,3.3,1.8,3.9,3.75,1.9,3.7,3.6,1.8,3.5,3.75,1.8,3.4,3.6,1.93,3.9,3.75,1.86,3.72,3.62,1.97,3.95,4.1,1.53,2.4,1.6,2.5,1.54,2.34,1.6,2.6,-0.5,1.83,1.98,1.9,1.98,1.83,1.88,1.96,2.02
T1,23/08/2026,19:30,Alanyaspor,Besiktas,1,0,H,0,0,D,,0.54,0.74,9,14,3,6,14,14,7,7,0,0,0,0,3.75,3.6,1.86,3.6,3.6,1.9,3.6,3.5,1.87,3.7,3.7,1.88,3.6,3.6,1.85,3.5,3.5,1.83,3.75,3.7,1.93,3.62,3.58,1.88,4,3.65,1.98,1.8,2,1.8,2.1,1.73,2.01,1.92,2.04,0.5,1.9,1.9,1.9,1.9,1.85,1.85,,,4.75,3.5,1.71,4.33,3.5,1.73,4.6,3.5,1.75,4.8,3.5,1.72,5,3.3,1.67,4.75,3.2,1.67,5,3.6,1.75,4.69,3.45,1.72,5.6,3.6,1.83,2.1,1.7,2.1,1.8,2.01,1.73,2.2,1.82,0.75,1.8,2,1.83,2,1.78,1.95,1.93,2.04
T1,23/08/2026,19:30,Goztep,Genclerbirligi,0,1,A,0,0,D,,1.92,1.56,16,10,6,2,15,12,6,5,1,2,0,0,1.61,3.8,5,1.62,3.75,5,1.62,3.7,4.8,1.66,3.8,4.8,1.62,3.8,4.75,1.6,3.6,4.6,1.66,3.9,5.25,1.62,3.74,4.85,1.66,4,5.7,1.9,1.9,1.91,1.91,1.85,1.86,1.01,1.25,-0.75,1.83,1.98,1.83,1.98,1.8,1.93,,,1.91,3.4,3.75,1.95,3.3,3.6,1.95,3.4,3.75,2,3.3,3.6,1.91,3.2,3.8,1.91,3.1,3.75,2.02,3.4,3.8,1.94,3.31,3.73,2.02,3.55,4.3,2,1.8,2,1.83,1.96,1.77,2.06,1.9,-0.5,1.98,1.83,2,1.83,1.92,1.79,2.03,1.96
T1,24/08/2026,19:30,Kocaelispor,Amedspor,2,0,H,1,0,H,,1.3,0.59,11,12,3,1,9,16,3,7,0,2,0,0,2.1,3.6,3.1,2.2,3.25,3.1,2.15,3.2,3.2,2.2,3.25,3.2,2.05,3.3,3.3,2,3,3,2.22,3.6,3.3,2.14,3.25,3.18,2.22,3.25,3.7,2.08,1.73,2.1,1.73,2.04,1.7,,,-0.25,1.88,1.93,1.9,1.93,1.85,1.88,,,2.4,3.1,3,2.38,3,3,2.45,3,3,2.4,3.1,2.95,2.3,2.88,3,2.3,2.88,2.9,2.45,3.1,3.1,2.4,3,2.99,2.54,3.2,3.35,2.4,1.53,2.4,1.58,2.31,1.55,2.52,1.64,-0.25,2.08,1.73,2.08,1.75,2.03,1.71,2.16,1.83
